Transaction Date,Clearing Date,Description,Merchant,Category,Type,Amount (USD),Purchased By
06/30/2023,06/30/2023,"WAWA 149 10 DAVISVILLE RD. WARMINSTER 18974 PA USA","Wawa","Gas","Purchase","60.39","Tijo Varughese"
06/29/2023,06/30/2023,"SQ *SAM'S ICECREAM COR1-99 KELINGER ROAD SOUTHAMPTON 18966 PA USA","Sam's Icecream Cor","Grocery","Purchase","12.00","Tijo Varughese"
06/26/2023,06/30/2023,"APPLE.COM/US ONE APPLE PARK WAY 800-676-2775 95014 CA USA","Apple Store","Other","Purchase","728.14","Tijo Varughese"
06/30/2023,06/30/2023,"ACH DEPOSIT INTERNET TRANSFER FROM ACCOUNT ENDING IN 4772","Ach Deposit Internet Transfer From Account Ending In 4772","Payment","Payment","-6160.44","Tijo Varughese"
06/28/2023,06/29/2023,"CVS/PHARMACY #02524 298 E STREET RD FSTRVL TRVOSE19053 PA USA","CVS Pharmacy","Other","Purchase","12.45","Tijo Varughese"
06/28/2023,06/29/2023,"METRO DINER BENSALEM 3630 STREET RD BENSALEM 19020 PA USA","Metro Diner","Restaurants","Purchase","33.67","Tijo Varughese"
06/27/2023,06/28/2023,"CTC COFFEE BAR CAFEQPS1800 ARCH STREET PHILADELPHIA 19103 PA USA","CTC Coffee Bar Cafeqps","Restaurants","Purchase","5.13","Tijo Varughese"
06/27/2023,06/28/2023,"WWW.CVS.COM 2800 ENTERPRISE DR REC DOORS 800-7467287 46219 RI USA","CVS","Other","Purchase","10.35","Tijo Varughese"
06/26/2023,06/27/2023,"GREEN FARM FRESH 10690 BUSTLETON AVE PHILADELPHIA 19116 PA USA","Green Farm Fresh","Grocery","Purchase","28.43","Tijo Varughese"
06/25/2023,06/27/2023,"WENDY'S 2644 1013 W RIDGE PIKE CONSHOHOCKEN 19428 PA USA","Wendy's","Restaurants","Purchase","27.18","Tijo Varughese"
06/25/2023,06/26/2023,"WEIS MARKETS 141 1133 YORK ROAD WARMINSTER 18974 PA USA","Weis Markets 141","Grocery","Purchase","116.24","Tijo Varughese"
06/25/2023,06/26/2023,"WINE AND SPIRITS 0945 894 2ND STREET RICHBORO 18954 PA USA","Wine and Spirits 0945","Alcohol","Purchase","51.97","Tijo Varughese"
06/25/2023,06/26/2023,"APPLE.COM/BILL ONE APPLE PARK WAY 866-712-7753 95014 CA USA","Apple Services","Other","Purchase","10.79","Tijo Varughese"
06/25/2023,06/26/2023,"APPLE.COM/BILL ONE APPLE PARK WAY 866-712-7753 95014 CA USA","Apple Services","Other","Purchase","161.99","Tijo Varughese"
06/24/2023,06/26/2023,"BURLINGTON STORES 1270751 BUSTLETON PIKE FEASTERVILLE 19053 PA USA","Burlington Stores 1270","Shopping","Purchase","148.66","Tijo Varughese"
06/24/2023,06/26/2023,"DON MEZCAL MEXICAN RES551 E STREET RD FEASTERVILLE 19053 PA USA","Don Mezcal Mexican Res","Restaurants","Purchase","75.90","Tijo Varughese"
06/25/2023,06/26/2023,"APPLE.COM/BILL ONE APPLE PARK WAY CUPERTINO 95014 CA USA","Apple Services","Other","Purchase","7.55","Tijo Varughese"
06/24/2023,06/25/2023,"DON MEZCAL MEXICAN RES551 E STREET RD FEASTERVILLE 19053 PA USA","Don Mezcal Mexican Res","Restaurants","Purchase","66.04","Tijo Varughese"
06/22/2023,06/24/2023,"PHILLY PRETZEL JFK B 1600 JFK BLVD PHILADELPHIA 19103 PA USA","Philly Pretzel Jfk B","Restaurants","Purchase","6.75","Tijo Varughese"
06/23/2023,06/24/2023,"RAPIDAPI 2 SHAW ALLEY SAN FRANCISCO94105 CA USA","Rapidapi","Other","Purchase","7.82","Tijo Varughese"
06/23/2023,06/24/2023,"RAPIDAPI 2 SHAW ALLEY SAN FRANCISCO94105 CA USA","Rapidapi","Other","Purchase","69.99","Tijo Varughese"
06/22/2023,06/23/2023,"CTC COFFEE BAR CAFEQPS1800 ARCH STREET PHILADELPHIA 19103 PA USA","CTC Coffee Bar Cafeqps","Restaurants","Purchase","9.45","Tijo Varughese"
06/22/2023,06/23/2023,"BURGER KING #421 Q071035 BUSTLETON PIKE FEASTERVILLE 19053 PA USA","Burger King","Restaurants","Purchase","7.19","Tijo Varughese"
06/22/2023,06/23/2023,"SEPTA CALL CENTER-CARD1234 MARKET ST PHILADELPHIA 19107 PA USA","Septa Call Center-Card","Transportation","Purchase","25.00","Tijo Varughese"
06/22/2023,06/23/2023,"SQ *BIG CHICKEN 2001 MARKET STREET PHILADELPHIA 19103 PA USA","Big Chicken","Other","Purchase","25.44","Tijo Varughese"
06/21/2023,06/22/2023,"CTC COFFEE BAR CAFEQPS1800 ARCH STREET PHILADELPHIA 19103 PA USA","CTC Coffee Bar Cafeqps","Restaurants","Purchase","8.15","Tijo Varughese"
06/21/2023,06/22/2023,"CTC CAFE QPS1800 ARCH STREET PHILADELPHIA 19103 PA USA","CTC Cafe Qps","Restaurants","Purchase","17.28","Tijo Varughese"
06/20/2023,06/21/2023,"CTC CAFE QPS1800 ARCH STREET PHILADELPHIA 19103 PA USA","CTC Cafe Qps","Restaurants","Purchase","15.34","Tijo Varughese"
06/20/2023,06/21/2023,"CHICK-FIL-A #03463 45 W STREET ROAD WARMINSTER 18974 PA USA","Chick-fil-A","Restaurants","Purchase","17.01","Tijo Varughese"
06/19/2023,06/21/2023,"CHICK-FIL-A #03463 45 W STREET ROAD WARMINSTER 18974 PA USA","Chick-fil-A","Restaurants","Purchase","14.26","Tijo Varughese"
06/20/2023,06/21/2023,"WAWA 8136 STREET RD AND BUSTLETON LOWER SOUTHAM19053 PA USA","Wawa","Gas","Purchase","28.77","Tijo Varughese"
06/20/2023,06/21/2023,"WAWA 8136 STREET RD AND BUSTLETON LOWER SOUTHAM19053 PA USA","Wawa","Gas","Purchase","32.14","Tijo Varughese"
06/20/2023,06/21/2023,"SEPTA CALL CENTER-CARD1234 MARKET ST PHILADELPHIA 19107 PA USA","Septa Call Center-Card","Transportation","Purchase","25.00","Tijo Varughese"
06/19/2023,06/21/2023,"THE HOME DEPOT 6866 11725 BUSTLETON AVE PHILADELPHIA 19116 PA USA","Home Depot","Other","Purchase","338.51","Tijo Varughese"
06/19/2023,06/20/2023,"BJS WHOLESALE #0022 2054 RED LION RD PHILADELPHIA 19115 PA USA","BJ's Wholesale Club","Other","Purchase","74.98","Tijo Varughese"
06/19/2023,06/20/2023,"GIANT 6541 176 W. STREET ROAD FEASTERVILLE 19053 PA USA","Giant 6541","Grocery","Purchase","187.53","Tijo Varughese"
06/18/2023,06/19/2023,"REGAL WARRINGTON 0379104 EASTON RD, BLDG F WARRINGTON 18976 PA USA","Regal Warrington 0379","Entertainment","Purchase","8.47","Tijo Varughese"
06/18/2023,06/19/2023,"REGAL WARRINGTON 0379104 EASTON RD, BLDG F WARRINGTON 18976 PA USA","Regal Warrington 0379","Entertainment","Purchase","31.34","Tijo Varughese"
06/18/2023,06/19/2023,"POPEYES 13607 68 CULVER RD #150 MONMOUTH JUNC08852 NJ USA","Popeyes 13607","Restaurants","Purchase","83.21","Tijo Varughese"
06/18/2023,06/19/2023,"BAHAMA BREEZE 0053039 320 GODDARD BLVD KING OF PRUSS19406 PA USA","Bahama Breeze","Restaurants","Purchase","110.00","Tijo Varughese"
06/18/2023,06/19/2023,"WAWA 8136 STREET RD AND BUSTLETON LOWER SOUTHAM19053 PA USA","Wawa","Gas","Purchase","62.20","Tijo Varughese"
06/18/2023,06/19/2023,"RAPIDAPI 2 SHAW ALLEY SAN FRANCISCO94105 CA USA","Rapidapi","Other","Purchase","29.00","Tijo Varughese"
06/17/2023,06/18/2023,"SAMA GRILL 354 SECOND STREET PIKE SOUTH HAMPTON18966 PA USA","Sama Grill","Restaurants","Purchase","49.87","Tijo Varughese"
06/17/2023,06/18/2023,"CHATGPT SUBSCRIPTION 548 MARKET STREETPMB 97273 SAN FRANCISCO94104-5401CA USA","Chatgpt Subscription","Other","Purchase","21.20","Tijo Varughese"
06/16/2023,06/18/2023,"DUNKIN' MOBILE AP 130 ROYALL STREET. CANTON 02021 MA USA","Dunkin' Mobile AP","Restaurants","Purchase","25.00","Tijo Varughese"
06/17/2023,06/17/2023,"CARRABBAS 3901 3210 TILLMAN DR BENSALEM 19020 PA USA","Carrabba's Italian Grill","Restaurants","Purchase","160.00","Tijo Varughese"
06/17/2023,06/17/2023,"OPENAI 548 MARKET STREETPMB 97273 SAN FRANCISCO94104-5401CA USA","Openai","Other","Purchase","168.12","Tijo Varughese"
06/17/2023,06/17/2023,"OPENAI 548 MARKET STREETPMB 97273 SAN FRANCISCO94104-5401CA USA","Openai","Other","Purchase","25.63","Tijo Varughese"
06/15/2023,06/17/2023,"BURGER KING #421 Q071035 BUSTLETON PIKE FEASTERVILLE 19053 PA USA","Burger King","Restaurants","Purchase","40.18","Tijo Varughese"
06/15/2023,06/16/2023,"COMPASSION INTERNATION12290 VOYAGER PARKWAY COLORADO SPRI80921 CO USA","Compassion International","Other","Purchase","114.00","Tijo Varughese"
06/30/2023,06/30/2023,"MONTHLY INSTALLMENTS (9 OF 24)","Monthly Installments (9 Of 24)","Installment","Installment","11.62","Tijo Varughese"
06/30/2023,06/30/2023,"MONTHLY INSTALLMENTS (10 OF 24)","Monthly Installments (10 Of 24)","Installment","Installment","22.04","Tijo Varughese"
06/30/2023,06/30/2023,"MONTHLY INSTALLMENTS (22 OF 24)","Monthly Installments (22 Of 24)","Installment","Installment","39.95","Tijo Varughese"
06/30/2023,06/30/2023,"MONTHLY INSTALLMENTS (10 OF 24)","Monthly Installments (10 Of 24)","Installment","Installment","3.29","Tijo Varughese"
06/30/2023,06/30/2023,"MONTHLY INSTALLMENTS (22 OF 24)","Monthly Installments (22 Of 24)","Installment","Installment","8.29","Tijo Varughese"
06/30/2023,06/30/2023,"MONTHLY INSTALLMENTS (10 OF 12)","Monthly Installments (10 Of 12)","Installment","Installment","4.91","Tijo Varughese"
06/30/2023,06/30/2023,"MONTHLY INSTALLMENTS (9 OF 24)","Monthly Installments (9 Of 24)","Installment","Installment","11.20","Tijo Varughese"
06/15/2023,06/16/2023,"COLDSTONE CREAMERY 140 EAST STREET RD FEASTERVILLE 19053 PA USA","Coldstone Creamery","Restaurants","Purchase","24.01","Tijo Varughese"
06/15/2023,06/16/2023,"CVS CAREPASS 1 CVS DR 800-7467287 02895 RI USA","CVS","Other","Purchase","5.00","Tijo Varughese"
06/15/2023,06/16/2023,"ANDALE LATINO GRILL 144 E STREET RD FSTRVL TRVOSE19053 PA USA","Andale Latino Grill","Restaurants","Purchase","3.98","Tijo Varughese"
06/15/2023,06/16/2023,"ANDALE LATINO GRILL 144 E STREET RD FSTRVL TRVOSE19053 PA USA","Andale Latino Grill","Restaurants","Purchase","27.05","Tijo Varughese"
06/14/2023,06/15/2023,"CTC CAFE QPS1800 ARCH STREET PHILADELPHIA 19103 PA USA","CTC Cafe Qps","Restaurants","Purchase","11.34","Tijo Varughese"
06/14/2023,06/15/2023,"CTC CAFE QPS1800 ARCH STREET PHILADELPHIA 19103 PA USA","CTC Cafe Qps","Restaurants","Purchase","4.32","Tijo Varughese"
06/14/2023,06/15/2023,"GOOGLE*DOMAINS G.CO/HELPPAY# G.CO/HELPPAY#94043 CA USA","Google","Other","Purchase","6.36","Tijo Varughese"
06/14/2023,06/15/2023,"GOOGLE*DOMAINS G.CO/HELPPAY# G.CO/HELPPAY#94043 CA USA","Google","Other","Purchase","40.00","Tijo Varughese"
06/13/2023,06/15/2023,"FOUR SEASONS VERNICK 1 NORTH 19TH STREET PHILADELPHIA 19103 PA USA","Four Seasons Vernick","Restaurants","Purchase","11.40","Tijo Varughese"
06/13/2023,06/14/2023,"CHICK-FIL-A #03463 45 W STREET ROAD WARMINSTER 18974 PA USA","Chick-fil-A","Restaurants","Purchase","29.13","Tijo Varughese"
06/12/2023,06/13/2023,"SAMA GRILL 354 SECOND STREET PIKE SOUTH HAMPTON18966 PA USA","Sama Grill","Restaurants","Purchase","2.56","Tijo Varughese"
06/12/2023,06/13/2023,"HULU 877-8244858 CA 2500 BROADWAY SANTA MONICA 90404 CA USA","Hulu","Utilities","Purchase","8.47","Tijo Varughese"
06/12/2023,06/12/2023,"OSAKA JAPANESE AND CHI504 2ND STREET PIKE SOUTHAMPTON 18966-3805PA USA","Osaka Japanese and Chi","Restaurants","Purchase","54.91","Tijo Varughese"
06/11/2023,06/12/2023,"SQ *MANHATTAN BAGEL 217-341 HEIGHTS LANE FEASTERVILLE-19053 PA USA","Manhattan Bagel","Restaurants","Purchase","32.63","Tijo Varughese"
06/10/2023,06/11/2023,"PAPA JOHNS 5126 170 E STREET RD FSTRVL TRVOSE19053 PA USA","Papa John's","Restaurants","Purchase","44.50","Tijo Varughese"
06/10/2023,06/11/2023,"GOOGLE*DOMAINS G.CO/HELPPAY# G.CO/HELPPAY#94043 CA USA","Google","Other","Purchase","40.00","Tijo Varughese"
06/09/2023,06/10/2023,"HOLY REDEEMER HOSPITAL1648 HUNTINGDON PIKE MEADOWBROOK 19046-8001PA USA","Holy Redeemer Hospital","Restaurants","Purchase","15.42","Tijo Varughese"
06/09/2023,06/10/2023,"GOVTPERMITS/CERTIFICAT10617 SOUTHERN LOOP BLVD PINEVILLE 28134 NC USA","Govtpermits/Certificat","Other","Purchase","26.13","Tijo Varughese"
06/09/2023,06/10/2023,"OPENAI 548 MARKET STREETPMB 97273 SAN FRANCISCO94104-5401CA USA","Openai","Other","Purchase","15.90","Tijo Varughese"
06/08/2023,06/09/2023,"HOLY REDEEMER HOSPITAL1648 HUNTINGDON PIKE MEADOWBROOK 19046-8001PA USA","Holy Redeemer Hospital","Restaurants","Purchase","14.06","Tijo Varughese"
06/09/2023,06/09/2023,"DAILY CASH ADJUSTMENT","Daily Cash Adjustment","Debit","Debit","0.11","Tijo Varughese"
06/08/2023,06/09/2023,"MIDJOURNEY INC. 611 GATEWAY BLVDSUITE 120 SOUTH SAN FRA94080 CA USA (RETURN)","Midjourney Inc. 611 Gateway Blvdsuite 120 South San Fra94080 Ca Usa (return)","Credit","Credit","-10.60","Tijo Varughese"
06/08/2023,06/09/2023,"TS OF FEASTERVILLE 1140 BUSTLETOWN PIKE FEASTERVILLE 19053 PA USA","TS of Feasterville","Other","Purchase","214.00","Tijo Varughese"
06/06/2023,06/08/2023,"BURGER KING #421 Q071035 BUSTLETON PIKE FEASTERVILLE 19053 PA USA","Burger King","Restaurants","Purchase","38.06","Tijo Varughese"
06/06/2023,06/08/2023,"APPLE.COM/US ONE APPLE PARK WAY 800-676-2775 95014 CA USA","Apple Store","Other","Purchase","104.94","Tijo Varughese"
06/08/2023,06/08/2023,"CPANEL LLC 2550 N LOOP W STE 4006 HOUSTON 77092 TX USA","Cpanel Llc","Other","Purchase","13.56","Tijo Varughese"
06/06/2023,06/07/2023,"CTC COFFEE BAR CAFEQPS1800 ARCH STREET PHILADELPHIA 19103 PA USA","CTC Coffee Bar Cafeqps","Restaurants","Purchase","4.59","Tijo Varughese"
06/06/2023,06/07/2023,"CTC CAFE QPS1800 ARCH STREET PHILADELPHIA 19103 PA USA","CTC Cafe Qps","Restaurants","Purchase","3.24","Tijo Varughese"
06/07/2023,06/07/2023,"SEPTA CALL CENTER-CARD1234 MARKET ST PHILADELPHIA 19107 PA USA","Septa Call Center-Card","Transportation","Purchase","25.00","Tijo Varughese"
06/06/2023,06/07/2023,"RAPIDAPI 2 SHAW ALLEY SAN FRANCISCO94105 CA USA","Rapidapi","Other","Purchase","19.99","Tijo Varughese"
06/06/2023,06/07/2023,"WAWA 8136 STREET RD AND BUSTLETON LOWER SOUTHAM19053 PA USA","Wawa","Gas","Purchase","18.14","Tijo Varughese"
06/06/2023,06/07/2023,"WAWA 8136 STREET RD AND BUSTLETON LOWER SOUTHAM19053 PA USA","Wawa","Gas","Purchase","48.19","Tijo Varughese"
06/06/2023,06/07/2023,"AMAZON.COM*7V0ME0M73 A440 TERRY AVE N. AMZN.COM/BILL98109 WA USA","Amazon","Other","Purchase","21.71","Tijo Varughese"
06/04/2023,06/06/2023,"CALI PIZZA KITC INC #2514 W GERMANTOWN PKE PLYMOUTH MEET19462 PA USA","Cali Pizza Kitc Inc #2","Restaurants","Purchase","73.73","Tijo Varughese"
06/06/2023,06/06/2023,"RAPIDAPI 2 SHAW ALLEY SAN FRANCISCO94105 CA USA","Rapidapi","Other","Purchase","19.99","Tijo Varughese"
06/04/2023,06/05/2023,"GOOGLE*DOMAINS G.CO/HELPPAY# G.CO/HELPPAY#94043 CA USA","Google","Other","Purchase","55.44","Tijo Varughese"
06/04/2023,06/05/2023,"GIANT 6541 176 W. STREET ROAD FEASTERVILLE 19053 PA USA","Giant 6541","Grocery","Purchase","136.10","Tijo Varughese"
06/04/2023,06/05/2023,"TONAL SYSTEMS, INC 617 BRYANT ST SAN FRANCISCO94107 CA USA","Tonal Systems, Inc","Other","Purchase","63.55","Tijo Varughese"
06/03/2023,06/04/2023,"CAR WASH USA 900 INDUSTRIAL BLVD SOUTHAMPTON 18966 PA USA","Car Wash USA","Gas","Purchase","85.83","Tijo Varughese"
06/02/2023,06/04/2023,"GOOGLE*DOMAINS G.CO/HELPPAY# G.CO/HELPPAY#94043 CA USA","Google","Other","Purchase","40.00","Tijo Varughese"
06/03/2023,06/03/2023,"AHREFS 16 RAFFLES QUAY #33-03HONG LEONG BUILDING SINGAPORE 048581 SGP","Ahrefs","Other","Purchase","104.94","Tijo Varughese"
06/02/2023,06/03/2023,"CVS/PHARMACY #02524 298 E STREET RD FSTRVL TRVOSE19053 PA USA","CVS Pharmacy","Other","Purchase","28.76","Tijo Varughese"
06/02/2023,06/03/2023,"SHOE CARNIVAL #579 120 NESHAMINY MALL BENSALEM 19020 PA USA","Shoe Carnival","Shopping","Purchase","66.00","Tijo Varughese"
06/03/2023,06/03/2023,"BERTUCCI'S - HUNTINGDO2190 COUNTY LINE ROAD, T HUNTINGDON VA19006 PA USA","Bertucci's","Restaurants","Purchase","112.37","Tijo Varughese"
06/02/2023,06/03/2023,"GOOGLE*DOMAINS G.CO/HELPPAY# G.CO/HELPPAY#94043 CA USA","Google","Other","Purchase","36.00","Tijo Varughese"
06/02/2023,06/03/2023,"TR57ZFRDQ-3 AMZN AD 440 TERRY AVE N 866-216-1072 98109 WA USA","Amazon","Other","Purchase","15.82","Tijo Varughese"
06/01/2023,06/02/2023,"WAWA 8136 STREET RD AND BUSTLETON LOWER SOUTHAM19053 PA USA","Wawa","Gas","Purchase","43.78","Tijo Varughese"
06/01/2023,06/02/2023,"WAWA 8136 STREET RD AND BUSTLETON LOWER SOUTHAM19053 PA USA","Wawa","Gas","Purchase","60.07","Tijo Varughese"
06/01/2023,06/02/2023,"CTC COFFEE BAR CAFEQPS1800 ARCH STREET PHILADELPHIA 19103 PA USA","CTC Coffee Bar Cafeqps","Restaurants","Purchase","4.75","Tijo Varughese"
05/31/2023,06/02/2023,"BEILERS DONUTS 51 N 12TH ST PHILADELPHIA 19107 PA USA","Beiler's Donuts","Restaurants","Purchase","21.25","Tijo Varughese"
06/01/2023,06/02/2023,"OXYLABS SVITRIGAILOS ST. 32 VILNIUS 03230 DUBLTU","Oxylabs","Other","Purchase","15.00","Tijo Varughese"
06/01/2023,06/02/2023,"GOOGLE*ADS2371403991 CC GOOGLE.COM CC GOOGLE.COM94043 CA USA","Google","Other","Purchase","53.48","Tijo Varughese"
06/01/2023,06/02/2023,"MIDJOURNEY INC. 611 GATEWAY BLVDSUITE 120 SOUTH SAN FRA94080 CA USA","Midjourney Inc.","Other","Purchase","10.60","Tijo Varughese"
05/31/2023,06/02/2023,"FOUR SEASONS VERNICK 1 NORTH 19TH STREET PHILADELPHIA 19103 PA USA","Four Seasons Vernick","Restaurants","Purchase","5.59","Tijo Varughese"
06/01/2023,06/02/2023,"COMPASSION INTERNATION12290 VOYAGER PARKWAY COLORADO SPRI80921 CO USA","Compassion International","Other","Purchase","66.00","Tijo Varughese"
06/01/2023,06/02/2023,"SEPTA CALL CENTER-CARD1234 MARKET ST PHILADELPHIA 19107 PA USA","Septa Call Center-Card","Transportation","Purchase","25.00","Tijo Varughese"
05/31/2023,06/02/2023,"TR57ZFRDQ-2 AMZN AD 440 TERRY AVE N 866-216-1072 98109 WA USA","Amazon","Other","Purchase","50.19","Tijo Varughese"