Transaction Date,Clearing Date,Description,Merchant,Category,Type,Amount (USD),Purchased By
04/29/2023,04/30/2023,"TST* NINA'S WAFFLES - 2905 S EAGLE RD NEWTOWN 18940 PA USA","Nina's Waffles","Restaurants","Purchase","37.92","Tijo Varughese"
04/28/2023,04/30/2023,"CHICK-FIL-A #03463 45 W STREET ROAD WARMINSTER 18974 PA USA","Chick-fil-A","Restaurants","Purchase","20.71","Tijo Varughese"
04/29/2023,04/30/2023,"SANTORINI GYRO 928 BUSTLETON PIKE FEASTERVILLE 19053 PA USA","Santorini Gyro","Restaurants","Purchase","39.62","Tijo Varughese"
04/28/2023,04/30/2023,"DUNKIN' MOBILE AP 130 ROYALL STREET. CANTON 02021 MA USA","Dunkin'","Restaurants","Purchase","50.00","Tijo Varughese"
04/28/2023,04/29/2023,"WAWA 8136 STREET RD AND BUSTLETON LOWER SOUTHAM19053 PA USA","Wawa","Gas","Purchase","55.83","Tijo Varughese"
04/29/2023,04/29/2023,"CVS/PHARMACY #02524 298 E STREET RD FSTRVL TRVOSE19053 PA USA","CVS Pharmacy","Other","Purchase","4.10","Tijo Varughese"
04/29/2023,04/29/2023,"TEXAS ROADHOUSE #2234 1545 STREET ROAD BENSALEM 19020 PA USA","Texas Roadhouse","Restaurants","Purchase","103.01","Tijo Varughese"
04/27/2023,04/29/2023,"TOKYO SUSHI & CATERING1701 JOHN F KENNEDY BOUL PHILADELPHIA 19103 PA USA","Tokyo Sushi & Catering","Restaurants","Purchase","3.23","Tijo Varughese"
04/28/2023,04/29/2023,"GOOGLE*DOMAINS G.CO/HELPPAY# G.CO/HELPPAY#94043 CA USA","Google","Other","Purchase","6.36","Tijo Varughese"
04/26/2023,04/28/2023,"KOINONIA CAFE 13500 PHILMONT AVE PHILADELPHIA 19116 PA USA","Koinonia Cafe","Other","Purchase","18.36","Tijo Varughese"
04/26/2023,04/27/2023,"STRAIGHT FROM THE HEAR13500 PHILMONT AVE PHILADEPHIA 19116 PA USA","Straight From The Heart Bookstore","Other","Purchase","19.44","Tijo Varughese"
04/26/2023,04/27/2023,"SEPTA CALL CENTER-CARD1234 MARKET ST PHILADELPHIA 19107 PA USA","Septa Call Center-Card","Transportation","Purchase","25.00","Tijo Varughese"
04/25/2023,04/26/2023,"CTC CAFE QPS1800 ARCH STREET PHILADELPHIA 19103 PA USA","CTC Cafe Qps","Restaurants","Purchase","15.12","Tijo Varughese"
04/22/2023,04/25/2023,"PHILLY`S GOURMET STEAK114 MARKET ST PHILADELPHIA 19106 PA USA","Philly`S Gourmet Steak","Restaurants","Purchase","12.95","Tijo Varughese"
04/25/2023,04/25/2023,"ACH DEPOSIT INTERNET TRANSFER FROM ACCOUNT ENDING IN 4772","Ach Deposit Internet Transfer From Account Ending In 4772","Payment","Payment","-5504.50","Tijo Varughese"
04/24/2023,04/25/2023,"GIANT 6541 176 W. STREET ROAD FEASTERVILLE 19053 PA USA","Giant 6541","Grocery","Purchase","135.51","Tijo Varughese"
04/23/2023,04/24/2023,"POPEYES 13607 68 CULVER RD #150 MONMOUTH JUNC08852 NJ USA","Popeyes 13607","Restaurants","Purchase","137.65","Tijo Varughese"
04/23/2023,04/24/2023,"REDSTONE 512 W GERMANTOWN PIKE PLYMOUTH MTG 194620000 PA USA","Redstone","Restaurants","Purchase","110.00","Tijo Varughese"
04/22/2023,04/24/2023,"FRANKLIN FOUNTAIN ICEC112 MARKET ST PHILADELPHIA 19106 PA USA","The Franklin Fountain","Grocery","Purchase","33.83","Tijo Varughese"
04/22/2023,04/24/2023,"PPA ON STREET KIOSKS 701 MARKET ST PHILADELPHIA 19106 PA USA","Ppa on Street Kiosks","Other","Purchase","5.00","Tijo Varughese"
04/22/2023,04/24/2023,"MCDONALD'S F1674 334 E STREET ROAD FEASTERVILLE 19047 PA USA","McDonald's","Restaurants","Purchase","8.56","Tijo Varughese"
04/22/2023,04/24/2023,"WAWA 8136 STREET RD AND BUSTLETON LOWER SOUTHAM19053 PA USA","Wawa","Gas","Purchase","50.50","Tijo Varughese"
04/22/2023,04/23/2023,"TGI FRIDAYS 60629 3301 STREET RD BENSALEM 19020 PA USA","TGI Friday's","Restaurants","Purchase","90.68","Tijo Varughese"
04/21/2023,04/23/2023,"DUNKIN' MOBILE AP 130 ROYALL STREET. CANTON 02021 MA USA","Dunkin'","Restaurants","Purchase","50.00","Tijo Varughese"
04/22/2023,04/23/2023,"PA DRIVER & VEHICLE SE1101 S FRONT STREET HARRISBURG 17104 PA USA","Pa Driver & Vehicle Se","Govt-services-parking","Purchase","36.50","Tijo Varughese"
04/22/2023,04/23/2023,"PA DRIVER & VEHICLE SE1101 S FRONT STREET HARRISBURG 17104 PA USA","Pa Driver & Vehicle Se","Govt-services-parking","Purchase","38.50","Tijo Varughese"
04/22/2023,04/23/2023,"GOOGLE*DOMAINS G.CO/HELPPAY# G.CO/HELPPAY#94043 CA USA","Google","Other","Purchase","6.36","Tijo Varughese"
04/22/2023,04/22/2023,"KOHL'S #0333 2325 STREET RD BENSALEM 19020 PA USA","Kohl's","Shopping","Purchase","78.97","Tijo Varughese"
04/20/2023,04/21/2023,"POPEYES 3401117 MILEMARKER 929 S NJ WOODBRIDGE 07095 NJ USA","Popeyes","Restaurants","Purchase","25.63","Tijo Varughese"
04/20/2023,04/21/2023,"AG TRAVEL PLAZA 340110MILEPOST 92.9 NJ TURNPIK WOODBRIDGE 07095 NJ USA","AG Travel Plaza 340110","Grocery","Purchase","4.37","Tijo Varughese"
04/20/2023,04/21/2023,"BIDEN WELCOME CENTER 19501 BISCAYNE BLVD AVENTURA 33180 FL USA","Biden Welcome Center","Grocery","Purchase","8.95","Tijo Varughese"
04/19/2023,04/20/2023,"WAWA 8136 STREET RD AND BUSTLETON LOWER SOUTHAM19053 PA USA","Wawa","Gas","Purchase","57.43","Tijo Varughese"
04/19/2023,04/20/2023,"TS OF FEASTERVILLE 1140 BUSTLETOWN PIKE FEASTERVILLE 19053 PA USA","TS of Feasterville","Other","Purchase","214.00","Tijo Varughese"
04/20/2023,04/20/2023,"SEPTA CALL CENTER-CARD1234 MARKET ST PHILADELPHIA 19107 PA USA","Septa Call Center-Card","Transportation","Purchase","25.00","Tijo Varughese"
04/19/2023,04/20/2023,"GIANT 6541 176 W. STREET ROAD FEASTERVILLE 19053 PA USA","Giant 6541","Grocery","Purchase","30.17","Tijo Varughese"
04/18/2023,04/19/2023,"CMSVEND*CV PHOENIXVILL200 THOMS DR PHOENIXVILLE 19460 PA USA","Vending Machine","Restaurants","Purchase","0.85","Tijo Varughese"
04/17/2023,04/18/2023,"PETCO 886 6350886597 E STREET RD FEASTERVILLE 19053 PA USA","Petco","Other","Purchase","100.09","Tijo Varughese"
04/17/2023,04/18/2023,"PETCO 886 6350886597 E STREET RD FEASTERVILLE 19053 PA USA","Petco","Other","Purchase","84.78","Tijo Varughese"
04/17/2023,04/18/2023,"CAR WASH USA 900 INDUSTRIAL BLVD SOUTHAMPTON 18966 PA USA","Car Wash USA","Gas","Purchase","44.50","Tijo Varughese"
04/17/2023,04/18/2023,"CHATGPT SUBSCRIPTION 548 MARKET STREETPMB 97273 SAN FRANCISCO94104-5401CA USA","Chatgpt Subscription","Other","Purchase","21.20","Tijo Varughese"
04/17/2023,04/18/2023,"EBAY O*04-09958-29839 2535 NORTH FIRST STREET SAN JOSE 95131 CA USA","eBay","Shopping","Purchase","73.00","Tijo Varughese"
04/16/2023,04/17/2023,"GIGGLEBERRY FAIR 167 CARDOSEL LN NEW HOPE 18938 PA USA","Giggleberry Fair","Entertainment","Purchase","40.00","Tijo Varughese"
04/16/2023,04/17/2023,"10147 CAVA PLYMOUTH ME500 W GERMANTOWN PLYMOUTH MEET19462 PA USA","10147 Cava Plymouth ME","Restaurants","Purchase","56.45","Tijo Varughese"
04/16/2023,04/16/2023,"CVS/PHARMACY #00740 10901C BUSTLETON AVE PHILADELPHIA 19116 PA USA","CVS Pharmacy","Other","Purchase","28.09","Tijo Varughese"
04/15/2023,04/16/2023,"MCDONALD'S F752 121 N YORK RD HATBORO 19040 PA USA","McDonald's","Restaurants","Purchase","12.90","Tijo Varughese"
04/15/2023,04/16/2023,"CVS CAREPASS 1 CVS DR 800-7467287 02895 RI USA","CVS","Other","Purchase","5.00","Tijo Varughese"
04/15/2023,04/16/2023,"LS YOUR HOME OUTLET 654 YORK RD WARMINSTER 18974 PA USA","LS Your Home Outlet","Other","Purchase","253.34","Tijo Varughese"
04/14/2023,04/15/2023,"GIANT 6541 176 W. STREET ROAD FEASTERVILLE 19053 PA USA","Giant 6541","Grocery","Purchase","38.57","Tijo Varughese"
04/14/2023,04/15/2023,"SHOPRITE WARMINSTER S1942 W ST RD WARMINSTER 18974 PA USA","ShopRite","Grocery","Purchase","65.16","Tijo Varughese"
04/14/2023,04/15/2023,"GOOGLE *DOMAINS 1600 AMPHITHEATRE PKWY 650-253-0000 94043 CA USA","Google","Other","Purchase","6.36","Tijo Varughese"
04/30/2023,04/30/2023,"MONTHLY INSTALLMENTS (7 OF 24)","Monthly Installments (7 Of 24)","Installment","Installment","11.62","Tijo Varughese"
04/30/2023,04/30/2023,"MONTHLY INSTALLMENTS (8 OF 24)","Monthly Installments (8 Of 24)","Installment","Installment","22.04","Tijo Varughese"
04/30/2023,04/30/2023,"MONTHLY INSTALLMENTS (20 OF 24)","Monthly Installments (20 Of 24)","Installment","Installment","39.95","Tijo Varughese"
04/30/2023,04/30/2023,"MONTHLY INSTALLMENTS (8 OF 24)","Monthly Installments (8 Of 24)","Installment","Installment","3.29","Tijo Varughese"
04/30/2023,04/30/2023,"MONTHLY INSTALLMENTS (20 OF 24)","Monthly Installments (20 Of 24)","Installment","Installment","8.29","Tijo Varughese"
04/30/2023,04/30/2023,"MONTHLY INSTALLMENTS (8 OF 12)","Monthly Installments (8 Of 12)","Installment","Installment","4.91","Tijo Varughese"
04/30/2023,04/30/2023,"MONTHLY INSTALLMENTS (7 OF 24)","Monthly Installments (7 Of 24)","Installment","Installment","11.20","Tijo Varughese"
04/13/2023,04/14/2023,"MCDONALD'S F1674 334 E STREET ROAD FEASTERVILLE 19047 PA USA","McDonald's","Restaurants","Purchase","33.00","Tijo Varughese"
04/12/2023,04/14/2023,"FOUR SEASONS VERNICK 1 NORTH 19TH STREET PHILADELPHIA 19103 PA USA","Four Seasons Vernick","Restaurants","Purchase","9.23","Tijo Varughese"
04/12/2023,04/13/2023,"POPEYES 11737 1516 CHESTNUT STREET PHILADELPHIA 19102 PA USA","Popeyes","Restaurants","Purchase","13.81","Tijo Varughese"
04/12/2023,04/13/2023,"SEPTA WEB-CARD 1234 MARKET ST 2155618231 19107 PA USA","Septa Web-Card","Transportation","Purchase","50.00","Tijo Varughese"
04/12/2023,04/13/2023,"HLU*HULU ***************** BROADWAY HULU.COM/BILL***** CA USA","Hulu","Utilities","Purchase","8.47","Tijo Varughese"
04/12/2023,04/12/2023,"EBAY O*03-09937-54326 2535 NORTH FIRST STREET SAN JOSE 95131 CA USA","eBay","Shopping","Purchase","50.00","Tijo Varughese"
04/11/2023,04/12/2023,"PANDA EXPRESS #1913 1701 JFK BLVD. PHILADELPHIA 19103 PA USA","Panda Express","Restaurants","Purchase","16.09","Tijo Varughese"
04/11/2023,04/12/2023,"WAWA 8136 STREET RD AND BUSTLETON LOWER SOUTHAM19053 PA USA","Wawa","Gas","Purchase","20.41","Tijo Varughese"
04/11/2023,04/12/2023,"WAWA 8136 STREET RD AND BUSTLETON 6103588000 19053 PA USA","Wawa","Gas","Purchase","59.30","Tijo Varughese"
04/09/2023,04/11/2023,"AMERICAN 4000 E SKY HARBOR BL SEATTLE 85034-3802WA USA","American Airlines","Airlines","Purchase","383.80","Tijo Varughese"
04/09/2023,04/11/2023,"AMERICAN 4000 E SKY HARBOR BL SEATTLE 85034-3802WA USA","American Airlines","Airlines","Purchase","383.80","Tijo Varughese"
04/09/2023,04/11/2023,"AMERICAN 4000 E SKY HARBOR BL SEATTLE 85034-3802WA USA","American Airlines","Airlines","Purchase","383.80","Tijo Varughese"
04/09/2023,04/11/2023,"AMERICAN 4000 E SKY HARBOR BL SEATTLE 85034-3802WA USA","American Airlines","Airlines","Purchase","383.80","Tijo Varughese"
04/09/2023,04/10/2023,"EXPEDIA ****************** EXPEDIA GROUP WAY W EXPEDIA.COM ***** WA USA","Expedia","Other","Purchase","1280.11","Tijo Varughese"
04/09/2023,04/10/2023,"EXPEDIA ****************** EXPEDIA GROUP WAY W EXPEDIA.COM ***** WA USA","Expedia","Other","Purchase","333.76","Tijo Varughese"
04/09/2023,04/09/2023,"TST* NINA'S WAFFLES - 2905 S EAGLE RD NEWTOWN 18940 PA USA","Nina's Waffles","Restaurants","Purchase","13.20","Tijo Varughese"
04/09/2023,04/09/2023,"TST* NINA'S WAFFLES - 2905 S EAGLE RD NEWTOWN 18940 PA USA","Nina's Waffles","Restaurants","Purchase","22.58","Tijo Varughese"
04/08/2023,04/09/2023,"BJS WHOLESALE #0022 2054 RED LION RD PHILADELPHIA 19115 PA USA","BJ's Wholesale Club","Other","Purchase","356.06","Tijo Varughese"
04/07/2023,04/09/2023,"DUNKIN' MOBILE AP 130 ROYALL STREET. 8004470013 02021 MA USA","Dunkin'","Restaurants","Purchase","50.00","Tijo Varughese"
04/07/2023,04/08/2023,"ORDER.BERTUCCIS.COM 2190 EAST COUNTY LINE ROAD HUNTINGDON VA19006 PA USA","Bertucci's","Restaurants","Purchase","67.28","Tijo Varughese"
04/06/2023,04/08/2023,"AMC 0357 NESHAMINY 24 660 NESHAMINY MALL BENSALEM 19020 PA USA","AMC 0357 Neshaminy 24","Entertainment","Purchase","26.10","Tijo Varughese"
04/06/2023,04/08/2023,"TOKYO SUSHI & CATERING1701 JOHN F KENNEDY BOUL PHILADELPHIA 19103 PA USA","Tokyo Sushi & Catering","Restaurants","Purchase","3.23","Tijo Varughese"
04/07/2023,04/08/2023,"GIANT 6541 176 W. STREET ROAD FEASTERVILLE 19053 PA USA","Giant 6541","Grocery","Purchase","17.66","Tijo Varughese"
04/07/2023,04/08/2023,"OPENAI 548 MARKET STREETPMB 97273 SAN FRANCISCO94104-5401CA USA","Openai","Other","Purchase","1.33","Tijo Varughese"
04/06/2023,04/07/2023,"DI BRUNO BROS 1701 JOHN F KENNEDY BLVD PHILADELPHIA 19103 PA USA","Di Bruno Bros","Grocery","Purchase","12.12","Tijo Varughese"
04/05/2023,04/07/2023,"FOUR SEASONS VERNICK 1 NORTH 19TH STREET PHILADELPHIA 19103 PA USA","Four Seasons Vernick","Restaurants","Purchase","13.61","Tijo Varughese"
04/05/2023,04/06/2023,"CTC CAFE QPS1800 ARCH STREET PHILADELPHIA 19103 PA USA","CTC Cafe Qps","Restaurants","Purchase","16.74","Tijo Varughese"
04/05/2023,04/06/2023,"CTC CAFE QPS1800 ARCH STREET PHILADELPHIA 19103 PA USA","CTC Cafe Qps","Restaurants","Purchase","3.24","Tijo Varughese"
04/06/2023,04/06/2023,"COLDSTONE CREAMERY 140 EAST STREET RD FEASTERVILLE 19053 PA USA","Coldstone Creamery","Restaurants","Purchase","20.59","Tijo Varughese"
04/05/2023,04/06/2023,"ANDALE LATINO GRILL 144 E STREET RD FSTRVL TRVOSE19053 PA USA","Andale Latino Grill","Restaurants","Purchase","2.07","Tijo Varughese"
04/05/2023,04/06/2023,"ANDALE LATINO GRILL 144 E STREET RD FSTRVL TRVOSE19053 PA USA","Andale Latino Grill","Restaurants","Purchase","52.24","Tijo Varughese"
04/04/2023,04/06/2023,"DUNKIN' MOBILE AP 130 ROYALL STREET. 8004470013 02021 MA USA","Dunkin'","Restaurants","Purchase","50.00","Tijo Varughese"
04/05/2023,04/05/2023,"GOOGLE *DOMAINS 1600 AMPHITHEATRE PKWY 650-253-0000 94043 CA USA","Google","Other","Purchase","25.44","Tijo Varughese"
04/04/2023,04/05/2023,"CTC CAFE QPS1800 ARCH STREET PHILADELPHIA 19103 PA USA","CTC Cafe Qps","Restaurants","Purchase","5.94","Tijo Varughese"
04/04/2023,04/05/2023,"TONAL SYSTEMS, INC 617 BRYANT ST SAN FRANCISCO94107 CA USA","Tonal Systems, Inc","Other","Purchase","51.94","Tijo Varughese"
04/03/2023,04/04/2023,"PAPA JOHNS 5126 170 E STREET RD 238-791-3953 19053 PA USA","Papa John's","Restaurants","Purchase","39.46","Tijo Varughese"
04/02/2023,04/03/2023,"GOOGLE *DOMAINS 1600 AMPHITHEATRE PKWY 650-253-0000 94043 CA USA","Google","Other","Purchase","24.00","Tijo Varughese"
04/02/2023,04/03/2023,"10147 CAVA PLYMOUTH ME500 W GERMANTOWN PLYMOUTH MEET19462 PA USA","10147 Cava Plymouth ME","Restaurants","Purchase","14.15","Tijo Varughese"
04/02/2023,04/03/2023,"10147 CAVA PLYMOUTH ME500 W GERMANTOWN PLYMOUTH MEET19462 PA USA","10147 Cava Plymouth ME","Restaurants","Purchase","41.76","Tijo Varughese"
04/01/2023,04/03/2023,"CVS/PHARMACY #00813 1034 SECOND STREET PIKE RICHBORO 18954 PA USA","CVS Pharmacy","Other","Purchase","17.46","Tijo Varughese"
04/01/2023,04/03/2023,"GOOGLE*ADS2371403991 CC GOOGLE.COM INTERNET 94043 CA USA","Google","Other","Purchase","29.96","Tijo Varughese"
04/01/2023,04/03/2023,"WAWA 8121 870 SECOND STREET PIKE RICHBORO 18954 PA USA","Wawa","Gas","Purchase","6.67","Tijo Varughese"
04/01/2023,04/03/2023,"WAWA 8121 870 SECOND STREET PIKE 6103588000 18954 PA USA","Wawa","Gas","Purchase","55.59","Tijo Varughese"
04/01/2023,04/03/2023,"COMPASSION INTERNATION12290 VOYAGER PARKWAY 8003367676 80921 CO USA","Compassion International","Other","Purchase","66.00","Tijo Varughese"
03/31/2023,04/02/2023,"DD DOORDASH TEXASCHIC 303 2ND STREET 8559731040 94107 CA USA","DD Doordash Texaschic","Restaurants","Purchase","69.60","Tijo Varughese"
03/30/2023,04/02/2023,"TOKYO SUSHI & CATERING1701 JOHN F KENNEDY BOUL PHILADELPHIA 19103 PA USA","Tokyo Sushi & Catering","Restaurants","Purchase","3.23","Tijo Varughese"
03/30/2023,04/02/2023,"ORIGINAL VILLAGE PIZZA10006 SANDMEYER LN PHILADELPHIA 19116 PA USA","Original Village Pizza","Restaurants","Purchase","20.00","Tijo Varughese"
03/30/2023,04/02/2023,"CVS/PHARMACY #00740 10901C BUSTLETON AVE PHILADELPHIA 19116 PA USA","CVS Pharmacy","Other","Purchase","9.53","Tijo Varughese"
03/30/2023,04/02/2023,"PANDA EXPRESS #1913 1701 JFK BLVD. PHILADELPHIA 19103 PA USA","Panda Express","Restaurants","Purchase","11.83","Tijo Varughese"