Transaction Date,Clearing Date,Description,Merchant,Category,Type,Amount (USD),Purchased By
01/29/2023,01/31/2023,"SHAKE SHACK - 1268A 500 WEST GERMANTOWN PIKE 646-747-7178 19462 PA USA","Shake Shack","Restaurants","Purchase","47.95","Tijo Varughese"
01/31/2023,01/31/2023,"ACH DEPOSIT INTERNET TRANSFER FROM ACCOUNT ENDING IN 4772","Ach Deposit Internet Transfer From Account Ending In 4772","Payment","Payment","-4423.90","Tijo Varughese"
01/29/2023,01/30/2023,"BJS WHOLESALE #0092 300 ALLAN WOOD RD CONSHOHOKEN 19428 PA USA","BJ's Wholesale Club","Other","Purchase","101.68","Tijo Varughese"
01/28/2023,01/29/2023,"GOOGLE*DOMAINS G.CO/HELPPAY# INTERNET 94043 CA USA","Google","Other","Purchase","6.36","Tijo Varughese"
01/28/2023,01/28/2023,"KYOTO SUSHI 17 BUSTLETON PIKE FEASTERVILLE 19053 PA USA","Kyoto Sushi","Restaurants","Purchase","78.77","Tijo Varughese"
01/26/2023,01/28/2023,"DUNKIN' MOBILE AP 130 ROYALL STREET. 8004470013 02021 MA USA","Dunkin'","Restaurants","Purchase","50.00","Tijo Varughese"
01/26/2023,01/27/2023,"GOOGLE*DOMAINS G.CO/HELPPAY# INTERNET 94043 CA USA","Google","Other","Purchase","20.00","Tijo Varughese"
01/26/2023,01/27/2023,"GIANT 6541 176 W. STREET ROAD FEASTERVILLE 19053 PA USA","Giant 6541","Grocery","Purchase","82.89","Tijo Varughese"
01/25/2023,01/27/2023,"FOUR SEASONS VERNICK 1 NORTH 19TH STREET PHILADELPHIA 19103 PA USA","Four Seasons","Restaurants","Purchase","7.26","Tijo Varughese"
01/24/2023,01/26/2023,"BEILERS DONUTS 51 N 12TH ST PHILADELPHIA 19107 PA USA","Beiler's Donuts","Restaurants","Purchase","35.50","Tijo Varughese"
01/25/2023,01/26/2023,"RING PROTECT PLUS YR 1523 26TH STREET SANTA MONICA 90404 CA USA","Ring Protect Plus Yr","Other","Purchase","106.00","Tijo Varughese"
01/25/2023,01/26/2023,"APPLE.COM/BILL ONE APPLE PARK WAY 866-712-7753 95014 CA USA","Apple Services","Other","Purchase","0.99","Tijo Varughese"
01/24/2023,01/25/2023,"TST* TERMINI BROTHERS 1701 JOHN F KENNEDY BLVD, PHILADELPHIA, PHILADELPHIA 19148 PA USA","Termini Brothers Bakery","Restaurants","Purchase","18.00","Tijo Varughese"
01/24/2023,01/25/2023,"PAY* HOMEADVISOR-JAN2453 W 23RD STFLOOR 3 NEW YORK 10010 NY USA","Pay* Homeadvisor-Jan24","Other","Purchase","29.99","Tijo Varughese"
01/24/2023,01/25/2023,"SQ *HERSHEL'S EAST SID51 NORTH 12TH STREET PHILADELPHIA 19107 PA USA","Hershel's East Side Deli","Restaurants","Purchase","55.00","Tijo Varughese"
01/23/2023,01/24/2023,"CVS/PHARMACY #02524 298 E STREET RD FSTRVL TRVOSE19053 PA USA","CVS Pharmacy","Other","Purchase","4.10","Tijo Varughese"
01/23/2023,01/24/2023,"WAWA 8047 10901 BUSTLETON AVE. 2154647101 19115 PA USA","Wawa","Gas","Purchase","58.43","Tijo Varughese"
01/22/2023,01/24/2023,"SHAKE SHACK - 1268A 500 WEST GERMANTOWN PIKE 646-747-7178 19462 PA USA","Shake Shack","Restaurants","Purchase","5.71","Tijo Varughese"
01/21/2023,01/23/2023,"GOOGLE*DOMAINS G.CO/HELPPAY# INTERNET 94043 CA USA","Google","Other","Purchase","6.36","Tijo Varughese"
01/22/2023,01/23/2023,"MISSION BBQ PLYMOUTH M615 W. GERMANTOWN PIKE PLYMOUTH MEET19462 PA USA","Mission BBQ","Restaurants","Purchase","64.24","Tijo Varughese"
01/22/2023,01/23/2023,"TARGET.COM * 7000 TARGET PARKWAY. 800-591-3869 55445 MN USA","Target","Other","Purchase","4.23","Tijo Varughese"
01/22/2023,01/23/2023,"WINGS TO GO 1045 BUSTLETON PIKE STE 10 TREVOSE 19053 PA USA","Wings To Go","Restaurants","Purchase","86.76","Tijo Varughese"
01/21/2023,01/23/2023,"CINNABON 102854 2500 W MORELAND RD #3028 WILLOW GROVE 19090 PA USA","Cinnabon","Restaurants","Purchase","27.39","Tijo Varughese"
01/21/2023,01/22/2023,"ARS INC 5925 TILGHMAN ST STE 484-6642007 18104 PA USA","ARS Inc","Transportation","Purchase","300.00","Tijo Varughese"
01/21/2023,01/22/2023,"CVS/PHARMACY #02524 298 E STREET RD FSTRVL TRVOSE19053 PA USA","CVS Pharmacy","Other","Purchase","35.53","Tijo Varughese"
01/21/2023,01/22/2023,"GIANT 6541 176 W. STREET ROAD FEASTERVILLE 19053 PA USA","Giant 6541","Grocery","Purchase","132.39","Tijo Varughese"
01/21/2023,01/22/2023,"OLIVE GARDEN 000149512245 E LINCOLN HWY LANGHORNE 19047 PA USA","Olive Garden","Restaurants","Purchase","80.95","Tijo Varughese"
01/20/2023,01/20/2023,"TS OF FEASTERVILLE 1140 BUSTLETOWN PIKE 2143557274 19053 PA USA","TS of Feasterville","Other","Purchase","214.00","Tijo Varughese"
01/19/2023,01/20/2023,"SEPTA WEB-CARD 1234 MARKET ST 2155618231 19107 PA USA","Septa Web-Card","Transportation","Purchase","50.00","Tijo Varughese"
01/19/2023,01/19/2023,"WAWA 8136 STREET RD AND BUSTLETON LOWER SOUTHAM19053 PA USA","Wawa","Gas","Purchase","33.33","Tijo Varughese"
01/16/2023,01/17/2023,"MCDONALD'S F1674 334 E STREET ROAD FEASTERVILLE 19047 PA USA","McDonald's","Restaurants","Purchase","19.51","Tijo Varughese"
01/15/2023,01/17/2023,"CALI PIZZA KITC INC #2514 W GERMANTOWN PKE PLYMOUTH MEET19462 PA USA","Cali Pizza Kitc Inc #2","Restaurants","Purchase","73.13","Tijo Varughese"
01/16/2023,01/17/2023,"TARGET 00011833800 ROCKHILL DR BENSALEM 19020 PA USA","Target","Grocery","Purchase","237.59","Tijo Varughese"
01/15/2023,01/16/2023,"FRESH WORKS - RICHBORO800 BUSTLETON PIKE RICHBORO 18954 PA USA","Fresh Works","Restaurants","Purchase","155.98","Tijo Varughese"
01/15/2023,01/16/2023,"CVS CAREPASS 1 CVS DR 833-320-2273 02895 RI USA","CVS","Other","Purchase","5.00","Tijo Varughese"
01/15/2023,01/15/2023,"TST* HAN DYNASTY - CHE404 NJ-70 CHERRY HILL 08034 NJ USA","Han Dynasty","Restaurants","Purchase","204.43","Tijo Varughese"
01/14/2023,01/15/2023,"WAWA 8136 STREET RD AND BUSTLETON LOWER SOUTHAM19053 PA USA","Wawa","Gas","Purchase","60.32","Tijo Varughese"
01/13/2023,01/15/2023,"TOKYO SUSHI & CATERING1701 JOHN F KENNEDY BOUL PHILADELPHIA 19103 PA USA","Tokyo Sushi & Catering","Restaurants","Purchase","3.23","Tijo Varughese"
01/14/2023,01/15/2023,"GOOGLE*DOMAINS G.CO/HELPPAY# INTERNET 94043 CA USA","Google","Other","Purchase","6.36","Tijo Varughese"
01/13/2023,01/14/2023,"TST* TERMINI BROTHERS 1701 JOHN F KENNEDY BLVD, PHILADELPHIA, PHILADELPHIA 19148 PA USA","Termini Brothers Bakery","Restaurants","Purchase","18.00","Tijo Varughese"
01/12/2023,01/14/2023,"BURGER KING #421 Q071035 BUSTLETON PIKE FEASTERVILLE 19053 PA USA","Burger King","Restaurants","Purchase","12.00","Tijo Varughese"
01/14/2023,01/14/2023,"WHITE ELEPHANT RESTAUR759 HUNTINGDON PIKE HUNTINGDON VA19006 PA USA","White Elephant","Restaurants","Purchase","95.34","Tijo Varughese"
01/12/2023,01/14/2023,"DUNKIN' MOBILE AP 130 ROYALL STREET. 8004470013 02021 MA USA","Dunkin'","Restaurants","Purchase","50.00","Tijo Varughese"
01/13/2023,01/14/2023,"PARKWHIZ, INC. 208 S JEFFERSON ST #403 8884727594 60661 IL USA","ParkWhiz","Other","Purchase","21.99","Tijo Varughese"
01/12/2023,01/13/2023,"APPLE.COM/BILL ONE APPLE PARK WAY 866-712-7753 95014 CA USA","Apple Services","Other","Purchase","7.55","Tijo Varughese"
01/12/2023,01/13/2023,"HLU*HULU ***************** BROADWAY HULU.COM/BILL***** CA USA","Hulu","Utilities","Purchase","8.47","Tijo Varughese"
01/12/2023,01/13/2023,"APPLE.COM/BILL ONE APPLE PARK WAY 866-712-7753 95014 CA USA","Apple Services","Other","Purchase","9.99","Tijo Varughese"
01/11/2023,01/12/2023,"WALGREENS #7590 2 E STREET RD FSTRVL TRVOSE19053 PA USA","Walgreens","Other","Purchase","27.57","Tijo Varughese"
01/10/2023,01/12/2023,"PHO PALACE 15501 BUSTLETON AVE PHILADELPHIA 19116 PA USA","Pho Palace","Restaurants","Purchase","54.76","Tijo Varughese"
01/10/2023,01/11/2023,"FAULKNERTOYOTA 2425 LINCOLN HWY TREVOSE 19053 PA USA","Faulkner Toyota","Other","Purchase","1266.70","Tijo Varughese"
01/31/2023,01/31/2023,"MONTHLY INSTALLMENTS (4 OF 24)","Monthly Installments (4 Of 24)","Installment","Installment","11.62","Tijo Varughese"
01/31/2023,01/31/2023,"MONTHLY INSTALLMENTS (5 OF 24)","Monthly Installments (5 Of 24)","Installment","Installment","22.04","Tijo Varughese"
01/31/2023,01/31/2023,"MONTHLY INSTALLMENTS (17 OF 24)","Monthly Installments (17 Of 24)","Installment","Installment","39.95","Tijo Varughese"
01/31/2023,01/31/2023,"MONTHLY INSTALLMENTS (5 OF 24)","Monthly Installments (5 Of 24)","Installment","Installment","3.29","Tijo Varughese"
01/31/2023,01/31/2023,"MONTHLY INSTALLMENTS (17 OF 24)","Monthly Installments (17 Of 24)","Installment","Installment","8.29","Tijo Varughese"
01/31/2023,01/31/2023,"MONTHLY INSTALLMENTS (5 OF 12)","Monthly Installments (5 Of 12)","Installment","Installment","4.91","Tijo Varughese"
01/31/2023,01/31/2023,"MONTHLY INSTALLMENTS (4 OF 24)","Monthly Installments (4 Of 24)","Installment","Installment","11.20","Tijo Varughese"
01/10/2023,01/10/2023,"ACH DEPOSIT INTERNET TRANSFER FROM ACCOUNT ENDING IN 4772","Ach Deposit Internet Transfer From Account Ending In 4772","Payment","Payment","-1300.00","Tijo Varughese"
01/08/2023,01/09/2023,"MISSION BBQ PLYMOUTH M615 W. GERMANTOWN PIKE PLYMOUTH MEET19462 PA USA","Mission BBQ","Restaurants","Purchase","55.99","Tijo Varughese"
01/07/2023,01/09/2023,"WENDY'S #3122 2100 RED LION RD PHILADELPHIA 19115 PA USA","Wendy's","Restaurants","Purchase","31.70","Tijo Varughese"
01/07/2023,01/09/2023,"WINGS TO GO 1045 BUSTLETON PIKE STE 10 TREVOSE 19053 PA USA","Wings To Go","Restaurants","Purchase","90.05","Tijo Varughese"
01/07/2023,01/08/2023,"STARBUCKS STORE 14387 10000 ROOSEVELT BLVD PHILADELPHIA 19116 PA USA","Starbucks","Restaurants","Purchase","19.44","Tijo Varughese"
01/07/2023,01/08/2023,"GIANT 6541 176 W. STREET ROAD FEASTERVILLE 19053 PA USA","Giant 6541","Grocery","Purchase","70.00","Tijo Varughese"
01/07/2023,01/07/2023,"59 ALMSHOUSE 59 ALMSHOUSE RD RICHBORO 18954 PA USA","59 Almshouse","Restaurants","Purchase","130.00","Tijo Varughese"
01/06/2023,01/07/2023,"PETSMART # 0568 220 COMMERCE BLVD FAIRLESS HILL19030 PA USA","PetSmart","Other","Purchase","71.02","Tijo Varughese"
01/06/2023,01/07/2023,"PETCO 886 6350886597 E STREET RD FEASTERVILLE 19053 PA USA","Petco","Other","Purchase","48.09","Tijo Varughese"
01/07/2023,01/07/2023,"WAWA 8047 10901 BUSTLETON AVE. PHILADELPHIA 19115 PA USA","Wawa","Gas","Purchase","57.00","Tijo Varughese"
01/06/2023,01/07/2023,"ACTIVATED YOU 23251 MULHOLLAND DR 800--7208403 90404 CA USA","Activated You","Grocery","Purchase","189.60","Tijo Varughese"
01/06/2023,01/07/2023,"GIANT 6541 176 W. STREET ROAD FEASTERVILLE 19053 PA USA","Giant 6541","Grocery","Purchase","41.52","Tijo Varughese"
01/04/2023,01/05/2023,"GOOGLE*DOMAINS G.CO/HELPPAY# INTERNET 94043 CA USA","Google","Other","Purchase","25.44","Tijo Varughese"
01/04/2023,01/05/2023,"PETCO 886 6350886597 E STREET RD FEASTERVILLE 19053 PA USA","Petco","Other","Purchase","7.41","Tijo Varughese"
01/04/2023,01/05/2023,"TONAL SYSTEMS, INC 617 BRYANT ST SAN FRANCISCO94107 CA USA","Tonal Systems, Inc","Other","Purchase","49.00","Tijo Varughese"
01/03/2023,01/04/2023,"GOOGLE*DOMAINS G.CO/HELPPAY# INTERNET 94043 CA USA","Google","Other","Purchase","40.00","Tijo Varughese"
01/03/2023,01/04/2023,"FP *CALVARY CHRISTIAN 13500 PHILMONT AVE 215-9691579 19116 PA USA","FP *Calvary Christian","Other","Purchase","1106.70","Tijo Varughese"
01/02/2023,01/04/2023,"ACME 4913 48 WEST ROAD NEWTOWN 18940 PA USA","Acme 4913","Grocery","Purchase","52.98","Tijo Varughese"
01/02/2023,01/03/2023,"GIANT 6541 176 W. STREET ROAD FEASTERVILLE 19053 PA USA","Giant 6541","Grocery","Purchase","158.31","Tijo Varughese"
01/01/2023,01/02/2023,"COMPASSION INTERNATION12290 VOYAGER PARKWAY 8003367676 80921 CO USA","Compassion International","Other","Purchase","28.00","Tijo Varughese"
01/01/2023,01/02/2023,"GOOGLE ADS2371403991 1600 AMPHITHEATRE PARKWAY MOUNTAIN VIEW94043 CA USA","Google","Other","Purchase","56.05","Tijo Varughese"
12/31/2022,01/02/2023,"LONGHORN STEAK 0125160100 ROCKHILL DRIVE BENSALEM 19020 PA USA","LongHorn Steakhouse","Restaurants","Purchase","83.80","Tijo Varughese"
01/02/2023,01/02/2023,"ACH DEPOSIT INTERNET TRANSFER FROM ACCOUNT ENDING IN 4772","Ach Deposit Internet Transfer From Account Ending In 4772","Payment","Payment","-1000.00","Tijo Varughese"