Transaction Date,Clearing Date,Description,Merchant,Category,Type,Amount (USD),Purchased By
10/30/2023,10/31/2023,"WARMINSTER GROCERY O 1023 W COUNTY LINE RD WARMINSTER 18974 PA USA","Warminster Grocery O","Grocery","Purchase","1.69","Tijo Varughese"
10/31/2023,10/31/2023,"ACH DEPOSIT INTERNET TRANSFER FROM ACCOUNT ENDING IN 4772","Ach Deposit Internet Transfer From Account Ending In 4772","Payment","Payment","-737.48","Tijo Varughese"
10/29/2023,10/31/2023,"SHAKE SHACK - 1268A 500 WEST GERMANTOWN PIKE 646-747-7178 19462 PA USA","Shake Shack","Restaurants","Purchase","56.04","Tijo Varughese"
10/29/2023,10/31/2023,"DUNKIN' MOBILE AP 130 ROYALL STREET. CANTON 02021 MA USA","Dunkin' Mobile AP","Restaurants","Purchase","50.00","Tijo Varughese"
10/29/2023,10/30/2023,"SHOPRITE WARMINSTER S1942 W ST RD WARMINSTER 18974 PA USA","ShopRite","Grocery","Purchase","216.11","Tijo Varughese"
10/29/2023,10/30/2023,"PIZZA HUT 037138 421 W STREET RD WARMINSTER 18974 PA USA","Pizza Hut","Restaurants","Purchase","14.84","Tijo Varughese"
10/29/2023,10/30/2023,"PIZZA HUT 037138 421 W STREET RD WARMINSTER 18974 PA USA","Pizza Hut","Restaurants","Purchase","22.45","Tijo Varughese"
10/28/2023,10/30/2023,"MOCHIATSU 270 E STREET RD FEASTERVILLE 190530000 PA USA","Mochiatsu","Restaurants","Purchase","31.79","Tijo Varughese"
10/28/2023,10/28/2023,"OSAKA JAPANESE AND CHI504 2ND STREET PIKE SOUTHAMPTON 18966-3805PA USA","Osaka Japanese and Chi","Restaurants","Purchase","100.00","Tijo Varughese"
10/27/2023,10/28/2023,"WALGREENS #3764 690 2ND STREET PIKE SOUTHAMPTON 18966 PA USA","Walgreens","Other","Purchase","71.80","Tijo Varughese"
10/26/2023,10/27/2023,"CTC CAFE QPS1800 ARCH STREET PHILADELPHIA 19103 PA USA","CTC Cafe Qps","Restaurants","Purchase","15.66","Tijo Varughese"
10/26/2023,10/27/2023,"CTC COFFEE BAR CAFEQPS1800 ARCH STREET PHILADELPHIA 19103 PA USA","CTC Coffee Bar Cafeqps","Restaurants","Purchase","2.97","Tijo Varughese"
10/26/2023,10/27/2023,"SEPTA CALL CENTER-CARD1234 MARKET ST PHILADELPHIA 19107 PA USA","Septa Call Center-Card","Transportation","Purchase","25.00","Tijo Varughese"
10/25/2023,10/26/2023,"TST* CAFE CARMELA 2 2975 PHILMONT AVENUE HUNTINGDON VA19006 PA USA","Cafe Carmela","Restaurants","Purchase","114.00","Tijo Varughese"
10/24/2023,10/26/2023,"TST* TERMINI BROTHERS 1701 JOHN F KENNEDY BLVD PHILADELPHIA 19103 PA USA","Termini Brothers Bakery","Restaurants","Purchase","16.82","Tijo Varughese"
10/25/2023,10/25/2023,"ACH DEPOSIT INTERNET TRANSFER FROM ACCOUNT ENDING IN 4772","Ach Deposit Internet Transfer From Account Ending In 4772","Payment","Payment","-2311.02","Tijo Varughese"
10/24/2023,10/25/2023,"EBAY O*18-10694-47439 2535 NORTH FIRST STREET SAN JOSE 95131 CA USA","eBay","Shopping","Purchase","291.50","Tijo Varughese"
10/23/2023,10/24/2023,"EBAY O*13-10695-86438 2535 NORTH FIRST STREET SAN JOSE 95131 CA USA","eBay","Shopping","Purchase","306.34","Tijo Varughese"
10/22/2023,10/24/2023,"WENDY'S 11187 2815 DEKALB PIKE NORRISTOWN 19401 PA USA","Wendy's","Restaurants","Purchase","4.44","Tijo Varughese"
10/22/2023,10/24/2023,"WENDY'S 11187 2815 DEKALB PIKE NORRISTOWN 19401 PA USA","Wendy's","Restaurants","Purchase","28.67","Tijo Varughese"
10/22/2023,10/23/2023,"DON MEZCAL MEXICAN RES551 E STREET RD FEASTERVILLE 19053 PA USA","Don Mezcal Mexican Res","Restaurants","Purchase","111.16","Tijo Varughese"
10/22/2023,10/23/2023,"SP SHADY BROOK FARM 931 STONY HILL RD YARDLEY 19067 PA USA","Shady Brook Farm","Grocery","Purchase","3.25","Tijo Varughese"
10/22/2023,10/23/2023,"SP SHADY BROOK FARM 931 STONY HILL RD YARDLEY 19067 PA USA","Shady Brook Farm","Grocery","Purchase","30.00","Tijo Varughese"
10/22/2023,10/23/2023,"SP SHADY BROOK FARM 931 STONY HILL RD YARDLEY 19067 PA USA","Shady Brook Farm","Grocery","Purchase","26.00","Tijo Varughese"
10/21/2023,10/22/2023,"KFC K071078 1865 EASTON RD WILLOW GROVE 19090 PA USA","KFC","Restaurants","Purchase","90.65","Tijo Varughese"
10/22/2023,10/22/2023,"SHOPRITE BENSALEM S1 2200 BRISTOL RD BENSALEM 19020 PA USA","ShopRite","Grocery","Purchase","175.80","Tijo Varughese"
10/21/2023,10/22/2023,"TARGET 00011833800 ROCKHILL DR BENSALEM 19020 PA USA","Target","Grocery","Purchase","161.62","Tijo Varughese"
10/22/2023,10/22/2023,"WAWA 8075 601 STREET ROAD E FEASTERVILLE 19053 PA USA","Wawa","Gas","Purchase","61.90","Tijo Varughese"
10/21/2023,10/22/2023,"OLIVE GARDEN ZK 0021492245 E LINCOLN HIGHWAY LANGHORNE 19047 PA USA","Olive Garden","Restaurants","Purchase","64.87","Tijo Varughese"
10/21/2023,10/22/2023,"SP SHADY BROOK FARM 931 STONY HILL RD YARDLEY 19067 PA USA","Shady Brook Farm","Grocery","Purchase","105.00","Tijo Varughese"
10/19/2023,10/21/2023,"CVS/PHARMACY #02524 298 E STREET RD FSTRVL TRVOSE19053 PA USA","CVS Pharmacy","Other","Purchase","5.00","Tijo Varughese"
10/19/2023,10/21/2023,"CVS/PHARMACY #02524 298 E STREET RD FSTRVL TRVOSE19053 PA USA","CVS Pharmacy","Other","Purchase","211.32","Tijo Varughese"
10/19/2023,10/21/2023,"CTC COFFEE BAR CAFEQPS1800 ARCH STREET PHILADELPHIA 19103 PA USA","CTC Coffee Bar Cafeqps","Restaurants","Purchase","6.48","Tijo Varughese"
10/19/2023,10/21/2023,"CTC CAFE QPS1800 ARCH STREET PHILADELPHIA 19103 PA USA","CTC Cafe Qps","Restaurants","Purchase","11.56","Tijo Varughese"
10/19/2023,10/21/2023,"MCDONALD'S F1674 334 E. STREET ROAD FEASTERVILLE 19053 PA USA","McDonald's","Restaurants","Purchase","37.57","Tijo Varughese"
10/19/2023,10/21/2023,"SEPTA CALL CENTER-CARD1234 MARKET ST PHILADELPHIA 19107 PA USA","Septa Call Center-Card","Transportation","Purchase","25.00","Tijo Varughese"
10/18/2023,10/21/2023,"TARGET.COM * 7000 TARGET PARKWAY. 800-591-3869 55445 MN USA","Target","Other","Purchase","8.46","Tijo Varughese"
10/17/2023,10/20/2023,"CHIPOTLE ONLINE 610 NEWPORT CTR STE1300 CHIPOTLE.COM 92660 CA USA","Chipotle Mexican Grill","Restaurants","Purchase","11.76","Tijo Varughese"
10/17/2023,10/20/2023,"COLDSTONE CREAMERY 140 EAST STREET RD FEASTERVILLE 19053 PA USA","Coldstone Creamery","Restaurants","Purchase","15.51","Tijo Varughese"
10/17/2023,10/20/2023,"ANDALE LATINO GRILL 144 E STREET RD FSTRVL TRVOSE19053 PA USA","Andale Latino Grill","Restaurants","Purchase","31.69","Tijo Varughese"
10/17/2023,10/20/2023,"EWR TERMINAL PARKING 70 BREWSTER ROAD NEWARK 07114 NJ USA","EWR Terminal Parking","Other","Purchase","10.50","Tijo Varughese"
10/17/2023,10/20/2023,"ZIPS CLEANERS 303 549 E STREET RD FEASTERVILLE 19053 PA USA","Zips Cleaners 303","Other","Purchase","72.22","Tijo Varughese"
10/17/2023,10/20/2023,"APPLE.COM/BILL ONE APPLE PARK WAY 866-712-7753 95014 CA USA","Apple Services","Other","Purchase","21.59","Tijo Varughese"
10/17/2023,10/20/2023,"CHATGPT SUBSCRIPTION 548 MARKET STREETPMB 97273 SAN FRANCISCO94104-5401CA USA","Chatgpt Subscription","Other","Purchase","21.20","Tijo Varughese"
10/17/2023,10/20/2023,"INVIDEO INC 16192 COASTAL HIGHWAY, LEWES COUNTRY OF SU19958 DE USA","Invideo Inc","Other","Purchase","60.00","Tijo Varughese"
10/16/2023,10/17/2023,"TST* TERMINI BROTHERS 1701 JOHN F KENNEDY BLVD PHILADELPHIA 19103 PA USA","Termini Brothers Bakery","Restaurants","Purchase","7.70","Tijo Varughese"
10/17/2023,10/17/2023,"DAILY CASH ADJUSTMENT","Daily Cash Adjustment","Debit","Debit","0.61","Tijo Varughese"
10/15/2023,10/16/2023,"COMPASSION INTERNATION12290 VOYAGER PARKWAY COLORADO SPRI80921 CO USA","Compassion International","Other","Purchase","114.00","Tijo Varughese"
10/15/2023,10/16/2023,"WAWA 8136 929 BUSTLETON PK FEASTERVILLE 19053 PA USA","Wawa 8136","Gas","Purchase","14.09","Tijo Varughese"
10/15/2023,10/16/2023,"WAWA 8136 929 BUSTLETON PK FEASTERVILLE 19053 PA USA","Wawa 8136","Gas","Purchase","41.04","Tijo Varughese"
10/31/2023,10/31/2023,"MONTHLY INSTALLMENTS (13 OF 24)","Monthly Installments (13 Of 24)","Installment","Installment","11.62","Tijo Varughese"
10/31/2023,10/31/2023,"MONTHLY INSTALLMENTS (14 OF 24)","Monthly Installments (14 Of 24)","Installment","Installment","22.04","Tijo Varughese"
10/31/2023,10/31/2023,"MONTHLY INSTALLMENTS (14 OF 24)","Monthly Installments (14 Of 24)","Installment","Installment","3.29","Tijo Varughese"
10/31/2023,10/31/2023,"MONTHLY INSTALLMENTS (13 OF 24)","Monthly Installments (13 Of 24)","Installment","Installment","11.20","Tijo Varughese"
10/15/2023,10/16/2023,"TST* CAFE CARMELA 2 2975 PHILMONT AVENUE HUNTINGDON VA19006 PA USA","Cafe Carmela","Restaurants","Purchase","60.00","Tijo Varughese"
10/15/2023,10/16/2023,"EBAY O*11-10663-67985 2535 NORTH FIRST STREET SAN JOSE 95131 CA USA","eBay","Shopping","Purchase","10.59","Tijo Varughese"
10/15/2023,10/16/2023,"CVS CAREPASS 1 CVS DR 800-7467287 02895 RI USA","CVS","Other","Purchase","5.00","Tijo Varughese"
10/14/2023,10/16/2023,"PIZZA HUT 037138 421 W STREET RD WARMINSTER 18974 PA USA","Pizza Hut","Restaurants","Purchase","46.93","Tijo Varughese"
10/15/2023,10/15/2023,"ACH DEPOSIT INTERNET TRANSFER FROM ACCOUNT ENDING IN 4772","Ach Deposit Internet Transfer From Account Ending In 4772","Payment","Payment","-2239.47","Tijo Varughese"
10/15/2023,10/15/2023,"DAILY CASH ADJUSTMENT","Daily Cash Adjustment","Debit","Debit","18.13","Tijo Varughese"
10/14/2023,10/15/2023,"APPLE.COM/US ONE APPLE PARK WAY 800-676-2775 95014 CA USA (RETURN)","Apple.com/us One Apple Park Way 800-676-2775 95014 Ca Usa (return)","Credit","Credit","-604.20","Tijo Varughese"
10/14/2023,10/15/2023,"BJS.COM EXP 25 RESEARCH DR 800-2572582 01581 MA USA","Bjs.com Exp","Other","Purchase","118.52","Tijo Varughese"
10/14/2023,10/15/2023,"GOOGLE*DOMAINS G.CO/HELPPAY# G.CO/HELPPAY#94043 CA USA","Google","Other","Purchase","6.36","Tijo Varughese"
10/13/2023,10/14/2023,"CTC CAFE QPS1800 ARCH STREET PHILADELPHIA 19103 PA USA","CTC Cafe Qps","Restaurants","Purchase","13.88","Tijo Varughese"
10/12/2023,10/13/2023,"SEPTA CALL CENTER-CARD1234 MARKET ST PHILADELPHIA 19107 PA USA","septa call center-card","Transportation","Purchase","25.00","Tijo Varughese"
10/12/2023,10/13/2023,"WALGREENS #7590 2 E STREET RD FSTRVL TRVOSE19053 PA USA","Walgreens","Other","Purchase","72.53","Tijo Varughese"
10/12/2023,10/13/2023,"CTC CAFE QPS1800 ARCH STREET PHILADELPHIA 19103 PA USA","CTC Cafe Qps","Restaurants","Purchase","8.93","Tijo Varughese"
10/12/2023,10/13/2023,"HULU 877-8244858 CA 2500 BROADWAY SANTA MONICA 90404 CA USA","Hulu","Utilities","Purchase","8.47","Tijo Varughese"
10/12/2023,10/13/2023,"APPLE.COM/BILL ONE APPLE PARK WAY 866-712-7753 95014 CA USA","Apple Services","Other","Purchase","9.99","Tijo Varughese"
10/11/2023,10/12/2023,"CVS/PHARMACY #02524 298 E STREET RD FSTRVL TRVOSE19053 PA USA","CVS Pharmacy","Other","Purchase","32.99","Tijo Varughese"
10/11/2023,10/12/2023,"CTC CAFE QPS1800 ARCH STREET PHILADELPHIA 19103 PA USA","CTC Cafe Qps","Restaurants","Purchase","9.72","Tijo Varughese"
10/11/2023,10/12/2023,"CTC COFFEE BAR CAFEQPS1800 ARCH STREET PHILADELPHIA 19103 PA USA","CTC Coffee Bar Cafeqps","Restaurants","Purchase","3.78","Tijo Varughese"
10/11/2023,10/12/2023,"PANERA BREAD #203957 K152 E. STREET RD. FEASTERVILLE 19053 PA USA","Panera Bread","Restaurants","Purchase","25.41","Tijo Varughese"
10/11/2023,10/12/2023,"SEPTA CALL CENTER-CARD1234 MARKET ST PHILADELPHIA 19107 PA USA","Septa Call Center-Card","Transportation","Purchase","25.00","Tijo Varughese"
10/10/2023,10/11/2023,"CTC COFFEE BAR CAFEQPS1800 ARCH STREET PHILADELPHIA 19103 PA USA","CTC Coffee Bar Cafeqps","Restaurants","Purchase","5.94","Tijo Varughese"
10/10/2023,10/11/2023,"OPENAI 548 MARKET STREETPMB 97273 SAN FRANCISCO94104-5401CA USA","Openai","Other","Purchase","132.74","Tijo Varughese"
10/10/2023,10/11/2023,"ALIEXPRESS 400 EL CAMINO SOUTH SAN MATEO 94402 CA USA","AliExpress","Shopping","Purchase","128.51","Tijo Varughese"
10/09/2023,10/11/2023,"OPC COL*SERVICE FEE 3550 ENGINEERING DR STE 400 NORCROSS 30092 GA USA","OPC Col*Service Fee","Other","Purchase","45.75","Tijo Varughese"
10/09/2023,10/11/2023,"OPC*EASTERN UNIV T&F 1300 EAGLE RD SAINT DAVIDS 19087 PA USA","Opc*Eastern Univ T&F","Other","Purchase","1830.00","Tijo Varughese"
10/09/2023,10/10/2023,"CTC CAFE QPS1800 ARCH STREET PHILADELPHIA 19103 PA USA","CTC Cafe Qps","Restaurants","Purchase","6.48","Tijo Varughese"
10/08/2023,10/10/2023,"SHELL OIL 10000430016 400 W STREET RD WARMINSTER 18974 PA USA","Shell","Gas","Purchase","55.54","Tijo Varughese"
10/07/2023,10/09/2023,"GRAND BUFFET HIBACHI &646 YORK ROAD WARMINSTER 18974 PA USA","Grand Buffet Hibachi &","Restaurants","Purchase","180.00","Tijo Varughese"
10/08/2023,10/09/2023,"FRIENDLYS 150 W. GERMANTOWN PIKE NORRISTOWN 19401 PA USA","Friendly's","Restaurants","Purchase","80.00","Tijo Varughese"
10/08/2023,10/08/2023,"ACH DEPOSIT INTERNET TRANSFER FROM ACCOUNT ENDING IN 4772","Ach Deposit Internet Transfer From Account Ending In 4772","Payment","Payment","-2896.27","Tijo Varughese"
10/07/2023,10/08/2023,"WHOLEFDS PLM 10249 500 W GERMANTOWN PK PLYMOUTH MEET19462 PA USA","Whole Foods Market","Grocery","Purchase","12.34","Tijo Varughese"
10/07/2023,10/08/2023,"WHOLEFDS PLM 10249 500 W GERMANTOWN PK PLYMOUTH MEET19462 PA USA","Whole Foods Market","Grocery","Purchase","21.49","Tijo Varughese"
10/07/2023,10/08/2023,"WHOLEFDS PLM 10249 500 W GERMANTOWN PK PLYMOUTH MEET19462 PA USA","Whole Foods Market","Grocery","Purchase","8.43","Tijo Varughese"
10/08/2023,10/08/2023,"POLYGON.IO DATA API 331 ELIZABETH ST NESUITE A ATLANTA 30307 GA USA","Polygon.io Data Api","Other","Purchase","29.00","Tijo Varughese"
10/06/2023,10/08/2023,"BELLS MARKET 1055 BUSTLETON PIKE FEASTERVILLE 19053 PA USA","Bells Market","Grocery","Purchase","58.57","Tijo Varughese"
10/07/2023,10/08/2023,"SQ *MANHATTAN BAGEL 217-341 HEIGHTS LANE FEASTERVILLE-19053 PA USA","Manhattan Bagel","Restaurants","Purchase","18.84","Tijo Varughese"
10/06/2023,10/07/2023,"KUNG FU TEA OF CHEN&HU1045 BUSTLETON PIKE STE 2 FSTRVL TRVOSE19053 PA USA","Kung Fu Tea of Chen&Hu","Restaurants","Purchase","5.83","Tijo Varughese"
10/06/2023,10/07/2023,"KUNG FU TEA OF CHEN&HU1045 BUSTLETON PIKE STE 2 FSTRVL TRVOSE19053 PA USA","Kung Fu Tea of Chen&Hu","Restaurants","Purchase","18.44","Tijo Varughese"
10/06/2023,10/07/2023,"GREEN FARM FRESH 10690 BUSTLETON AVE PHILADELPHIA 19116 PA USA","Green Farm Fresh","Grocery","Purchase","65.60","Tijo Varughese"
10/07/2023,10/07/2023,"KYOTO SUSHI 17 BUSTLETON PIKE FEASTERVILLE 19053 PA USA","Kyoto Sushi","Restaurants","Purchase","63.21","Tijo Varughese"
10/06/2023,10/07/2023,"GOOGLE*DOMAINS G.CO/HELPPAY# G.CO/HELPPAY#94043 CA USA","Google","Other","Purchase","20.00","Tijo Varughese"
10/05/2023,10/07/2023,"BURGER KING #421 Q071035 BUSTLETON PIKE FEASTERVILLE 19053 PA USA","Burger King","Restaurants","Purchase","30.88","Tijo Varughese"
10/05/2023,10/06/2023,"PANDA EXPRESS #1913 1701 JFK BLVD. PHILADELPHIA 19103 PA USA","Panda Express","Restaurants","Purchase","14.80","Tijo Varughese"
10/05/2023,10/06/2023,"CTC COFFEE BAR CAFEQPS1800 ARCH STREET PHILADELPHIA 19103 PA USA","CTC Coffee Bar Cafeqps","Restaurants","Purchase","3.97","Tijo Varughese"
10/06/2023,10/06/2023,"SEPTA CALL CENTER-CARD1234 MARKET ST PHILADELPHIA 19107 PA USA","Septa Call Center-Card","Transportation","Purchase","25.00","Tijo Varughese"
10/04/2023,10/06/2023,"PHILLY PRETZEL JFK B 1600 JFK BLVD PHILADELPHIA 19103 PA USA","Philly Pretzel Jfk B","Restaurants","Purchase","6.64","Tijo Varughese"
10/05/2023,10/06/2023,"GOOGLE*DOMAINS G.CO/HELPPAY# G.CO/HELPPAY#94043 CA USA","Google","Other","Purchase","25.44","Tijo Varughese"
10/05/2023,10/06/2023,"TOKYO SUSHI & CATERING1701 JOHN F KENNEDY BOUL PHILADELPHIA 19103 PA USA","Tokyo Sushi & Catering","Restaurants","Purchase","3.23","Tijo Varughese"
10/04/2023,10/05/2023,"CTC COFFEE BAR CAFEQPS1800 ARCH STREET PHILADELPHIA 19103 PA USA","CTC Coffee Bar Cafeqps","Restaurants","Purchase","3.24","Tijo Varughese"
10/04/2023,10/05/2023,"TONAL SYSTEMS, INC 617 BRYANT ST SAN FRANCISCO94107 CA USA","Tonal Systems, Inc","Other","Purchase","63.55","Tijo Varughese"
10/04/2023,10/05/2023,"DUNKIN #343685 1700 JFK BLV SUBURBN STA PHILADELPHIA 19103 PA USA","Dunkin'","Restaurants","Purchase","6.14","Tijo Varughese"
10/03/2023,10/05/2023,"FOUR SEASONS VERNICK 1 NORTH 19TH STREET PHILADELPHIA 19103 PA USA","Four Seasons Vernick","Restaurants","Purchase","7.51","Tijo Varughese"
10/03/2023,10/04/2023,"WAWA 8136 929 BUSTLETON PK FEASTERVILLE 19053 PA USA","Wawa 8136","Gas","Purchase","26.95","Tijo Varughese"
10/03/2023,10/04/2023,"SEPTA CALL CENTER-CARD1234 MARKET ST PHILADELPHIA 19107 PA USA","Septa Call Center-Card","Transportation","Purchase","25.00","Tijo Varughese"
10/02/2023,10/03/2023,"PANERA BREAD #203957 K152 E. STREET RD. FEASTERVILLE 19053 PA USA","Panera Bread","Restaurants","Purchase","28.15","Tijo Varughese"
10/02/2023,10/03/2023,"BELLS MARKET 1055 BUSTLETON PIKE FEASTERVILLE 19053 PA USA","Bells Market","Grocery","Purchase","60.41","Tijo Varughese"
10/02/2023,10/03/2023,"CHIPOTLE ONLINE 610 NEWPORT CTR STE1300 CHIPOTLE.COM 92660 CA USA","Chipotle Mexican Grill","Restaurants","Purchase","16.22","Tijo Varughese"
10/02/2023,10/03/2023,"AMAZON MEDIA GROUP 440 TERRY AVE N 866-216-1072 98109 WA USA","Amazon Media","Other","Purchase","7.98","Tijo Varughese"
10/02/2023,10/03/2023,"COMPASSION INTERNATION12290 VOYAGER PARKWAY COLORADO SPRI80921 CO USA","Compassion International","Other","Purchase","66.00","Tijo Varughese"