Transaction Date,Clearing Date,Description,Merchant,Category,Type,Amount (USD),Purchased By
11/29/2023,11/30/2023,"CTC COFFEE BAR CAFEQPS1800 ARCH STREET PHILADELPHIA 19103 PA USA","CTC Coffee Bar Cafeqps","Restaurants","Purchase","5.08","Tijo Varughese"
11/29/2023,11/30/2023,"CTC CAFE QPS1800 ARCH STREET PHILADELPHIA 19103 PA USA","CTC Cafe Qps","Restaurants","Purchase","14.58","Tijo Varughese"
11/28/2023,11/30/2023,"CHICK-FIL-A #03463 45 W STREET ROAD WARMINSTER 18974 PA USA","Chick-fil-A","Restaurants","Purchase","14.96","Tijo Varughese"
11/29/2023,11/30/2023,"GOOGLE *ADS2371403991 1600 AMPHITHEATRE PKWY CC@GOOGLE.COM94043 CA USA","Google","Other","Purchase","71.51","Tijo Varughese"
11/29/2023,11/29/2023,"POPEYES 13607 68 CULVER RD #150 MONMOUTH JUNC08852 NJ USA","Popeyes 13607","Restaurants","Purchase","51.64","Tijo Varughese"
11/28/2023,11/29/2023,"CHICK-FIL-A #03463 45 W STREET ROAD WARMINSTER 18974 PA USA","Chick-fil-A","Restaurants","Purchase","41.68","Tijo Varughese"
11/27/2023,11/28/2023,"TST* PHILLY PRETZEL FA1600 JOHN F KENNEDY BLVD PHILADELPHIA 19103 PA USA","Philly Pretzel Factory","Restaurants","Purchase","17.00","Tijo Varughese"
11/26/2023,11/27/2023,"TST* PHILOMENA SANTUCC460 W. STREET ROAD WARMINSTER 18974 PA USA","Philomena Santucc","Restaurants","Purchase","55.68","Tijo Varughese"
11/26/2023,11/27/2023,"SHOPRITE WARMINSTER S1942 W ST RD WARMINSTER 18974 PA USA","ShopRite","Grocery","Purchase","179.95","Tijo Varughese"
11/25/2023,11/26/2023,"WAWA 8139 320 ROUTE 313 PERKASIE 18944 PA USA","Wawa","Gas","Purchase","9.70","Tijo Varughese"
11/26/2023,11/26/2023,"MCDONALD'S F1674 334 E. STREET ROAD FEASTERVILLE 19053 PA USA","MCDONALD'S F1674      ","Restaurants","Purchase","14.29","Tijo Varughese"
11/24/2023,11/26/2023,"FOUR SEASONS VERNICK 1 NORTH 19TH STREET PHILADELPHIA 19103 PA USA","Four Seasons Vernick","Restaurants","Purchase","11.77","Tijo Varughese"
11/24/2023,11/26/2023,"TST* TERMINI BROTHERS 1701 JOHN F KENNEDY BLVD PHILADELPHIA 19103 PA USA","Termini Brothers Bakery","Restaurants","Purchase","38.50","Tijo Varughese"
11/25/2023,11/26/2023,"APPLEBEES **************** STREET RD SOUTHAMPTON ***** PA USA","Applebee's","Restaurants","Purchase","80.00","Tijo Varughese"
11/24/2023,11/25/2023,"ALLERGY & ASTHMA CARE 10125 VERREE ROAD PHILADELPHIA 19116 PA USA","Allergy & Asthma Care","Medical","Purchase","35.00","Tijo Varughese"
11/24/2023,11/25/2023,"SQ *HERSHEL'S EAST SID1136 ARCH STREET PHILADELPHIA 19107 PA USA","Hershel's East Sid","Restaurants","Purchase","58.02","Tijo Varughese"
11/22/2023,11/25/2023,"TURNING POINT NEWTOWN 2841 S EAGLE ROAD NEWTOWN 18940 PA USA","Turning Point Newtown","Restaurants","Purchase","80.00","Tijo Varughese"
11/22/2023,11/24/2023,"BURGER KING #421 Q071035 BUSTLETON PIKE FEASTERVILLE 19053 PA USA","Burger King","Restaurants","Purchase","17.96","Tijo Varughese"
11/23/2023,11/24/2023,"PIZZA HUT 037138 421 W STREET RD WARMINSTER 18974 PA USA","Pizza Hut","Restaurants","Purchase","66.64","Tijo Varughese"
11/22/2023,11/23/2023,"SHOPRITE WARMINSTER S1942 W ST RD WARMINSTER 18974 PA USA","ShopRite","Grocery","Purchase","401.62","Tijo Varughese"
11/21/2023,11/23/2023,"CHICK-FIL-A #03463 45 W STREET ROAD WARMINSTER 18974 PA USA","Chick-fil-A","Restaurants","Purchase","38.83","Tijo Varughese"
11/21/2023,11/22/2023,"CP PENNDOT HUNTINGDON 2022 COUNTY LINE ROAD HUNTINGDON VA19006 PA USA","CP Penndot Huntingdon","Govt-services-parking","Purchase","5.00","Tijo Varughese"
11/20/2023,11/21/2023,"CTC CAFE QPS1800 ARCH STREET PHILADELPHIA 19103 PA USA","CTC Cafe Qps","Restaurants","Purchase","1.35","Tijo Varughese"
11/20/2023,11/21/2023,"CTC CAFE QPS1800 ARCH STREET PHILADELPHIA 19103 PA USA","CTC Cafe Qps","Restaurants","Purchase","16.74","Tijo Varughese"
11/20/2023,11/21/2023,"EBAY O*26-10806-89540 2535 NORTH FIRST STREET SAN JOSE 95131 CA USA","eBay","Shopping","Purchase","114.01","Tijo Varughese"
11/20/2023,11/21/2023,"SEPTA CALL CENTER-CARD1234 MARKET ST PHILADELPHIA 19107 PA USA","Septa Call Center-Card","Transportation","Purchase","25.00","Tijo Varughese"
11/20/2023,11/21/2023,"KYOTO SUSHI 17 BUSTLETON PIKE FEASTERVILLE 19053 PA USA","Kyoto Sushi","Restaurants","Purchase","26.34","Tijo Varughese"
11/18/2023,11/20/2023,"BJS.COM EXP 25 RESEARCH DR 800-2572582 01581 MA USA","Bjs.com Exp","Other","Purchase","244.36","Tijo Varughese"
11/18/2023,11/19/2023,"BELLS MARKET 1055 BUSTLETON PIKE FEASTERVILLE 19053 PA USA","Bells Market","Grocery","Purchase","84.04","Tijo Varughese"
11/18/2023,11/19/2023,"KASHMIR GARDEN 9325 KREWSTOWN RD PHILADELPHIA 19115 PA USA","Kashmir Garden","Grocery","Purchase","236.44","Tijo Varughese"
11/17/2023,11/19/2023,"DUNKIN' MOBILE AP 130 ROYALL STREET. CANTON 02021 MA USA","Dunkin' Mobile AP","Restaurants","Purchase","50.00","Tijo Varughese"
11/17/2023,11/18/2023,"DD *DOORDASH POPEYESLO303 2ND STREETSUITE 800 SAN FRANCISCO94107 CA USA","DD *Doordash Popeyeslo","Restaurants","Purchase","67.40","Tijo Varughese"
11/18/2023,11/18/2023,"TEXAS ROADHOUSE #2234 1545 STREET ROAD BENSALEM 19020 PA USA","Texas Roadhouse","Restaurants","Purchase","106.80","Tijo Varughese"
11/18/2023,11/18/2023,"CVS/PHARMACY #00740 10901C BUSTLETON AVE PHILADELPHIA 19116 PA USA","CVS Pharmacy","Other","Purchase","31.78","Tijo Varughese"
11/17/2023,11/18/2023,"CHATGPT SUBSCRIPTION 548 MARKET STREETPMB 97273 SAN FRANCISCO94104-5401CA USA","Chatgpt Subscription","Other","Purchase","21.20","Tijo Varughese"
11/17/2023,11/18/2023,"INVIDEO INC 16192 COASTAL HIGHWAY, LEWES COUNTRY OF SU19958 DE USA","Invideo Inc","Other","Purchase","60.00","Tijo Varughese"
11/16/2023,11/17/2023,"WAWA 8136 929 BUSTLETON PK FEASTERVILLE 19053 PA USA","Wawa 8136","Gas","Purchase","28.36","Tijo Varughese"
11/16/2023,11/17/2023,"GIANT 6541 176 W. STREET ROAD FEASTERVILLE 19053 PA USA","Giant 6541","Grocery","Purchase","57.19","Tijo Varughese"
11/15/2023,11/16/2023,"COMPASSION INTERNATION12290 VOYAGER PARKWAY COLORADO SPRI80921 CO USA","Compassion International","Other","Purchase","114.00","Tijo Varughese"
11/15/2023,11/16/2023,"CTC CAFE QPS1800 ARCH STREET PHILADELPHIA 19103 PA USA","CTC Cafe Qps","Restaurants","Purchase","10.10","Tijo Varughese"
11/15/2023,11/16/2023,"CVS/PHARMACY #02524 298 E STREET RD FSTRVL TRVOSE19053 PA USA","CVS Pharmacy","Other","Purchase","44.93","Tijo Varughese"
11/14/2023,11/16/2023,"BURGER KING #421 Q071035 BUSTLETON PIKE FEASTERVILLE 19053 PA USA","Burger King","Restaurants","Purchase","25.37","Tijo Varughese"
11/15/2023,11/16/2023,"CVS CAREPASS 1 CVS DR 800-7467287 02895 RI USA","CVS","Other","Purchase","5.00","Tijo Varughese"
11/14/2023,11/15/2023,"CTC COFFEE BAR CAFEQPS1800 ARCH STREET PHILADELPHIA 19103 PA USA","CTC Coffee Bar Cafeqps","Restaurants","Purchase","5.08","Tijo Varughese"
11/14/2023,11/15/2023,"CTC COFFEE BAR CAFEQPS1800 ARCH STREET PHILADELPHIA 19103 PA USA","CTC Coffee Bar Cafeqps","Restaurants","Purchase","2.97","Tijo Varughese"
11/15/2023,11/15/2023,"SEPTA CALL CENTER-CARD1234 MARKET ST PHILADELPHIA 19107 PA USA","Septa Call Center-Card","Transportation","Purchase","25.00","Tijo Varughese"
11/14/2023,11/15/2023,"GOOGLE *DOMAINS 1600 AMPHITHEATRE PARKWAY 650-253-0000 94043 CA USA","Google","Other","Purchase","6.36","Tijo Varughese"
11/13/2023,11/14/2023,"WALGREENS #7590 2 E STREET RD FSTRVL TRVOSE19053 PA USA","Walgreens","Other","Purchase","44.05","Tijo Varughese"
11/10/2023,11/14/2023,"HTTP USEVIRAL COM CHECKOUT MENA FZ LLC DUBAI DUBAI 48800 DXBARE","Http Useviral Com","Other","Purchase","102.43","Tijo Varughese"
11/13/2023,11/13/2023,"WAWA 8055 555 WEST STREET RD WARMINSTER 18974 PA USA","Wawa","Gas","Purchase","31.44","Tijo Varughese"
11/30/2023,11/30/2023,"MONTHLY INSTALLMENTS (14 OF 24)","Monthly Installments (14 Of 24)","Installment","Installment","11.62","Tijo Varughese"
11/30/2023,11/30/2023,"MONTHLY INSTALLMENTS (15 OF 24)","Monthly Installments (15 Of 24)","Installment","Installment","22.04","Tijo Varughese"
11/30/2023,11/30/2023,"MONTHLY INSTALLMENTS (15 OF 24)","Monthly Installments (15 Of 24)","Installment","Installment","3.29","Tijo Varughese"
11/30/2023,11/30/2023,"MONTHLY INSTALLMENTS (14 OF 24)","Monthly Installments (14 Of 24)","Installment","Installment","11.20","Tijo Varughese"
11/12/2023,11/13/2023,"WAWA 8136 929 BUSTLETON PK FEASTERVILLE 19053 PA USA","Wawa 8136","Gas","Purchase","19.59","Tijo Varughese"
11/13/2023,11/13/2023,"WAWA 8055 555 WEST STREET RD WARMINSTER 18974 PA USA","Wawa","Gas","Purchase","28.90","Tijo Varughese"
11/12/2023,11/13/2023,"WAWA 8136 929 BUSTLETON PK FEASTERVILLE 19053 PA USA","Wawa 8136","Gas","Purchase","10.54","Tijo Varughese"
11/12/2023,11/13/2023,"EWR TERMINAL PARKING 70 BREWSTER ROAD NEWARK 07114 NJ USA","EWR Terminal Parking","Other","Purchase","10.50","Tijo Varughese"
11/12/2023,11/13/2023,"SHOPRITE WARMINSTER S1942 W ST RD WARMINSTER 18974 PA USA","ShopRite","Grocery","Purchase","233.66","Tijo Varughese"
11/12/2023,11/13/2023,"HULU 877-8244858 CA 2500 BROADWAY SANTA MONICA 90404 CA USA","Hulu","Utilities","Purchase","8.47","Tijo Varughese"
11/12/2023,11/13/2023,"DON MEZCAL MEXICAN RES551 E STREET RD FEASTERVILLE 19053 PA USA","Don Mezcal Mexican Res","Restaurants","Purchase","73.98","Tijo Varughese"
11/12/2023,11/13/2023,"APPLE.COM/BILL ONE APPLE PARK WAY 866-712-7753 95014 CA USA","Apple Services","Other","Purchase","9.99","Tijo Varughese"
11/11/2023,11/12/2023,"BELLS MARKET 1055 BUSTLETON PIKE FEASTERVILLE 19053 PA USA","Bells Market","Grocery","Purchase","76.43","Tijo Varughese"
11/11/2023,11/11/2023,"WALGREENS #7590 2 E STREET RD FSTRVL TRVOSE19053 PA USA","Walgreens","Other","Purchase","37.85","Tijo Varughese"
11/10/2023,11/11/2023,"DD *STORECHICK-FIL-A 303 2ND STREETSUITE 800 SAN FRANCISCO94107 CA USA","DD *Storechick-Fil-A","Restaurants","Purchase","36.62","Tijo Varughese"
11/11/2023,11/11/2023,"MAMA RUSSO'S PIZZERIA 608 PHILADELPHIA AVE FSTRVL TRVOSE19053 PA USA","Mama Russo's Pizzeria","Restaurants","Purchase","58.80","Tijo Varughese"
11/11/2023,11/11/2023,"EBAY O*01-10780-33371 2535 NORTH FIRST STREET SAN JOSE 95131 CA USA","eBay","Shopping","Purchase","32.37","Tijo Varughese"
11/11/2023,11/11/2023,"EBAY O*03-10778-74379 2535 NORTH FIRST STREET SAN JOSE 95131 CA USA","eBay","Shopping","Purchase","51.33","Tijo Varughese"
11/11/2023,11/11/2023,"EBAY O*25-10764-40163 2535 NORTH FIRST STREET SAN JOSE 95131 CA USA","eBay","Shopping","Purchase","71.64","Tijo Varughese"
11/09/2023,11/10/2023,"CTC CAFE QPS1800 ARCH STREET PHILADELPHIA 19103 PA USA","CTC Cafe Qps","Restaurants","Purchase","32.40","Tijo Varughese"
11/09/2023,11/10/2023,"CTC COFFEE BAR CAFEQPS1800 ARCH STREET PHILADELPHIA 19103 PA USA","CTC Coffee Bar Cafeqps","Restaurants","Purchase","6.80","Tijo Varughese"
11/09/2023,11/10/2023,"DUNKIN #343685 1700 JFK BLV SUBURBN STA PHILADELPHIA 19103 PA USA","Dunkin'","Restaurants","Purchase","2.80","Tijo Varughese"
11/09/2023,11/10/2023,"HOLY REDEEMER PHYSICIA667 WELSH RD HUNTINGDON VY19006-6309PA USA","Holy Redeemer Physicia","Medical","Purchase","30.00","Tijo Varughese"
11/08/2023,11/09/2023,"APPLE.COM/BILL ONE APPLE PARK WAY 866-712-7753 95014 CA USA","Apple Services","Other","Purchase","11.88","Tijo Varughese"
11/08/2023,11/09/2023,"PETCO 0886 97 E STREET RD. FEASTERVILLE 19053 PA USA","Petco","Other","Purchase","47.09","Tijo Varughese"
11/08/2023,11/09/2023,"PETCO 0886 97 E STREET RD. FEASTERVILLE 19053 PA USA","Petco","Other","Purchase","89.49","Tijo Varughese"
11/08/2023,11/09/2023,"FOODHUB CORPORATION TRUST CENTER 1209 ORANGE STREET WILMINGTON 19801 DE USA","Foodhub","Restaurants","Purchase","63.40","Tijo Varughese"
11/06/2023,11/08/2023,"CHICK-FIL-A #1686 3621 HORIZON BOULEVARD BENSALEM 19020 PA USA","Chick-Fil-A","Restaurants","Purchase","15.62","Tijo Varughese"
11/07/2023,11/08/2023,"WAWA 8136 929 BUSTLETON PK FEASTERVILLE 19053 PA USA","Wawa 8136","Gas","Purchase","60.04","Tijo Varughese"
11/08/2023,11/08/2023,"OPENAI 548 MARKET STREETPMB 97273 SAN FRANCISCO94104-5401CA USA","Openai","Other","Purchase","164.87","Tijo Varughese"
11/08/2023,11/08/2023,"POLYGON.IO DATA API 331 ELIZABETH ST NESUITE A ATLANTA 30307 GA USA","Polygon.io Data Api","Other","Purchase","29.00","Tijo Varughese"
11/08/2023,11/08/2023,"ACH DEPOSIT INTERNET TRANSFER FROM ACCOUNT ENDING IN 4772","Ach Deposit Internet Transfer From Account Ending In 4772","Payment","Payment","-2504.62","Tijo Varughese"
11/06/2023,11/07/2023,"GIANT 6541 176 W. STREET ROAD FEASTERVILLE 19053 PA USA","Giant 6541","Grocery","Purchase","6.19","Tijo Varughese"
11/06/2023,11/07/2023,"SHOPRITE WARMINSTER S1942 W ST RD WARMINSTER 18974 PA USA","ShopRite","Grocery","Purchase","35.29","Tijo Varughese"
11/05/2023,11/07/2023,"WENDY'S 90503 813 E COUNTY LINE RD HATBORO 19040 PA USA","Wendy's","Restaurants","Purchase","39.02","Tijo Varughese"
11/06/2023,11/06/2023,"GIANT 6541 176 W. STREET ROAD FEASTERVILLE 19053 PA USA","Giant 6541","Grocery","Purchase","16.94","Tijo Varughese"
11/04/2023,11/05/2023,"WHOLEFDS PLM 10249 500 W GERMANTOWN PK PLYMOUTH MEET19462 PA USA","Whole Foods Market","Grocery","Purchase","5.04","Tijo Varughese"
11/04/2023,11/05/2023,"MCDONALD'S F1674 334 E. STREET ROAD FEASTERVILLE 19053 PA USA","McDonald's","Restaurants","Purchase","16.08","Tijo Varughese"
11/05/2023,11/05/2023,"CHILI'S GRILL & BAR#18610 COMMERCE BLVD FAIRLESS HILL19030 PA USA","Chili's Grill & Bar","Restaurants","Purchase","84.46","Tijo Varughese"
11/04/2023,11/05/2023,"BOB'S DISCOUNT FURNTUR1501 EAST LINCOLN HWY LEVITTOWN 19056 PA USA","Bob's Discount Furniture","Other","Purchase","751.53","Tijo Varughese"
11/04/2023,11/05/2023,"GOOGLE*DOMAINS G.CO/HELPPAY# G.CO/HELPPAY#94043 CA USA","Google","Other","Purchase","25.44","Tijo Varughese"
11/03/2023,11/05/2023,"PETRO HOME SVCS 1000 WOODBURY RD STE110 WOODBURY 11797 NY USA","Petro Home Svcs","Utilities","Purchase","950.04","Tijo Varughese"
11/04/2023,11/05/2023,"TONAL SYSTEMS, INC 617 BRYANT ST SAN FRANCISCO94107 CA USA","Tonal Systems, Inc","Other","Purchase","63.55","Tijo Varughese"
11/03/2023,11/04/2023,"SKECHERS-USA #814 848 W STREET RD, SUITE V WARMINSTER 18974 PA USA","SKECHERS","Shopping","Purchase","172.03","Tijo Varughese"
11/03/2023,11/04/2023,"SKECHERS-USA #814 848 W STREET RD, SUITE V WARMINSTER 18974 PA USA","SKECHERS","Shopping","Purchase","44.99","Tijo Varughese"
11/04/2023,11/04/2023,"OSAKA JAPANESE AND CHI504 2ND STREET PIKE SOUTHAMPTON 18966-3805PA USA","Osaka Japanese and Chi","Restaurants","Purchase","81.00","Tijo Varughese"
11/02/2023,11/04/2023,"FOUR SEASONS VERNICK 1 NORTH 19TH STREET PHILADELPHIA 19103 PA USA","Four Seasons Vernick","Restaurants","Purchase","10.99","Tijo Varughese"
11/02/2023,11/03/2023,"CTC CAFE QPS1800 ARCH STREET PHILADELPHIA 19103 PA USA","CTC Cafe Qps","Restaurants","Purchase","14.58","Tijo Varughese"
11/02/2023,11/03/2023,"SEPTA CALL CENTER-CARD1234 MARKET ST PHILADELPHIA 19107 PA USA","Septa Call Center-Card","Transportation","Purchase","25.00","Tijo Varughese"
11/01/2023,11/02/2023,"COMPASSION INTERNATION12290 VOYAGER PARKWAY COLORADO SPRI80921 CO USA","Compassion International","Other","Purchase","66.00","Tijo Varughese"
10/31/2023,11/02/2023,"WALGREENS #7590 2 E STREET RD FSTRVL TRVOSE19053 PA USA","Walgreens","Other","Purchase","5.31","Tijo Varughese"
10/31/2023,11/02/2023,"WALGREENS #7590 2 E STREET RD FSTRVL TRVOSE19053 PA USA","Walgreens","Other","Purchase","4.97","Tijo Varughese"
10/31/2023,11/02/2023,"CTC CAFE QPS1800 ARCH STREET PHILADELPHIA 19103 PA USA","CTC Cafe Qps","Restaurants","Purchase","14.04","Tijo Varughese"
10/31/2023,11/02/2023,"CHICK-FIL-A #03463 45 W STREET ROAD WARMINSTER 18974 PA USA","Chick-fil-A","Restaurants","Purchase","22.29","Tijo Varughese"