Transaction Date,Clearing Date,Description,Merchant,Category,Type,Amount (USD),Purchased By
03/28/2023,03/30/2023,"PHILLY PRETZEL FACTO 555 2ND ST PIKE SOUTHAMPTON 18966 PA USA","Philly Pretzel Factory","Restaurants","Purchase","22.88","Tijo Varughese"
03/28/2023,03/30/2023,"DUNKIN' MOBILE AP 130 ROYALL STREET. 8004470013 02021 MA USA","Dunkin'","Restaurants","Purchase","50.00","Tijo Varughese"
03/28/2023,03/29/2023,"GOOGLE *DOMAINS 1600 AMPHITHEATRE PKWY 650-253-0000 94043 CA USA","Google","Other","Purchase","26.00","Tijo Varughese"
03/28/2023,03/29/2023,"JOHN S CRYAN JEWELERS 673 2ND STREET PIKE SOUTHAMPTON 18966 PA USA","Cryan John S Jewelers","Other","Purchase","544.84","Tijo Varughese"
03/28/2023,03/28/2023,"NESPRESSO USA INC ORANGE ST. WILMINGTON 19801 DE USA","Nespresso Usa Inc","Grocery","Purchase","108.00","Tijo Varughese"
03/28/2023,03/28/2023,"GOOGLE *DOMAINS 1600 AMPHITHEATRE PKWY 650-253-0000 94043 CA USA","Google","Other","Purchase","6.36","Tijo Varughese"
03/27/2023,03/28/2023,"TST* BERARDI BROS PIZZ772 SECOND STREET PIKE SOUTHAMPTON 18966 PA USA","Berardi Bros Pizz","Restaurants","Purchase","31.80","Tijo Varughese"
03/26/2023,03/27/2023,"CVS/PHARMACY #02524 298 E STREET RD 800-746-7287 19053 PA USA","CVS Pharmacy","Other","Purchase","4.10","Tijo Varughese"
03/26/2023,03/27/2023,"CVS/PHARMACY #02524 298 E STREET RD FSTRVL TRVOSE19053 PA USA","CVS Pharmacy","Other","Purchase","9.99","Tijo Varughese"
03/26/2023,03/27/2023,"BIG SAMS PIZZA - TREVO1317 BRIDGETOWN PIKE TREVOSE 19053 PA USA","Big Sams Pizza - Trevo","Restaurants","Purchase","34.15","Tijo Varughese"
03/27/2023,03/27/2023,"ACH DEPOSIT INTERNET TRANSFER FROM ACCOUNT ENDING IN 4772","Ach Deposit Internet Transfer From Account Ending In 4772","Payment","Payment","-5000.00","Tijo Varughese"
03/24/2023,03/25/2023,"CVS/PHARMACY #02524 298 E STREET RD FSTRVL TRVOSE19053 PA USA","CVS Pharmacy","Other","Purchase","32.93","Tijo Varughese"
03/22/2023,03/23/2023,"FRESH WORKS - RICHBORO800 BUSTLETON PIKE RICHBORO 18954 PA USA","Fresh Works","Restaurants","Purchase","13.46","Tijo Varughese"
03/22/2023,03/23/2023,"GOOGLE *DOMAINS 1600 AMPHITHEATRE PKWY 650-253-0000 94043 CA USA","Google","Other","Purchase","6.36","Tijo Varughese"
03/21/2023,03/22/2023,"GIANT 6541 176 W. STREET ROAD FEASTERVILLE 19053 PA USA","Giant 6541","Grocery","Purchase","47.14","Tijo Varughese"
03/21/2023,03/22/2023,"GIANT 6541 176 W. STREET ROAD FEASTERVILLE 19053 PA USA","Giant 6541","Grocery","Purchase","6.33","Tijo Varughese"
03/21/2023,03/21/2023,"DAILY CASH ADJUSTMENT","Daily Cash Adjustment","Debit","Debit","1.98","Tijo Varughese"
03/21/2023,03/21/2023,"COPART, INC. 4610 WESTAMERICA DRIVE 7076462100 94534 CA USA (RETURN)","Copart, Inc. 4610 Westamerica Drive 7076462100 94534 Ca Usa (return)","Credit","Credit","-99.00","Tijo Varughese"
03/20/2023,03/21/2023,"CVS/PHARMACY #02299 15500 BUSTLETON AVE PHILADELPHIA 19116 PA USA","CVS Pharmacy","Other","Purchase","66.56","Tijo Varughese"
03/19/2023,03/21/2023,"ORIGINAL VILLAGE PIZZA10006 SANDMEYER LN PHILADELPHIA 19116 PA USA","Original Village Pizza","Restaurants","Purchase","62.53","Tijo Varughese"
03/20/2023,03/21/2023,"MED*READING HOSPITAL ATTN ACCOUNTS PAYABLE PO BOX 16053 866-333-5820 19612 PA USA","Reading Hospital","Medical","Purchase","269.59","Tijo Varughese"
03/21/2023,03/21/2023,"OPENAI 548 MARKET STREETPMB 97273 SAN FRANCISCO94104-5401CA USA","Openai","Other","Purchase","3.36","Tijo Varughese"
03/19/2023,03/20/2023,"TS OF FEASTERVILLE 1140 BUSTLETOWN PIKE 2143557274 19053 PA USA","TS of Feasterville","Other","Purchase","214.00","Tijo Varughese"
03/19/2023,03/20/2023,"WAWA GAS STORE 8334 250 366 ROUTE 70 W MARLTON 08053 NJ USA","Wawa","Gas","Purchase","45.49","Tijo Varughese"
03/18/2023,03/19/2023,"DUNKIN #356316 2054 RED LION RD, CLUB # PHILADELPHIA 19115 PA USA","Dunkin'","Restaurants","Purchase","3.55","Tijo Varughese"
03/18/2023,03/19/2023,"BJS WHOLESALE #0022 2054 RED LION RD PHILADELPHIA 19115 PA USA","BJ's Wholesale Club","Other","Purchase","349.44","Tijo Varughese"
03/18/2023,03/19/2023,"POPEYES 11202 2440 GRANT AVE PHILADELPHIA 19114 PA USA","Popeyes","Restaurants","Purchase","60.76","Tijo Varughese"
03/17/2023,03/19/2023,"DUNKIN' MOBILE AP 130 ROYALL STREET. 8004470013 02021 MA USA","Dunkin'","Restaurants","Purchase","50.00","Tijo Varughese"
03/18/2023,03/18/2023,"59 ALMSHOUSE 59 ALMSHOUSE RD RICHBORO 18954 PA USA","59 Almshouse","Restaurants","Purchase","135.57","Tijo Varughese"
03/16/2023,03/18/2023,"UBER TRIP 1455 MARKET ST 8005928996 94105 CA USA","Uber","Transportation","Purchase","9.95","Tijo Varughese"
03/16/2023,03/18/2023,"DUNKIN #343685 1700 JFK BLV SUBURBN STA 2155630329 19103 PA USA","Dunkin'","Restaurants","Purchase","14.65","Tijo Varughese"
03/16/2023,03/18/2023,"DUNKIN #343685 1700 JFK BLV SUBURBN STA PHILADELPHIA 19103 PA USA","Dunkin'","Restaurants","Purchase","4.64","Tijo Varughese"
03/16/2023,03/18/2023,"SEPTA WEB-CARD 1234 MARKET ST 2155618231 19107 PA USA","Septa Web-Card","Transportation","Purchase","50.00","Tijo Varughese"
03/15/2023,03/17/2023,"COMPASSION INTERNATION12290 VOYAGER PARKWAY 8003367676 80921 CO USA","Compassion International","Other","Purchase","100.00","Tijo Varughese"
03/15/2023,03/16/2023,"CVS CAREPASS 1 CVS DR 833-320-2273 02895 RI USA","CVS","Other","Purchase","5.00","Tijo Varughese"
03/15/2023,03/16/2023,"BIG SAMS PIZZA - TREVO1317 BRIDGETOWN PIKE TREVOSE 19053 PA USA","Big Sams Pizza - Trevo","Restaurants","Purchase","55.83","Tijo Varughese"
03/15/2023,03/16/2023,"GOOGLE DOMAINS 1600 AMPHITHEATRE PARKWAY MOUNTAIN VIEW94043 CA USA","Google Domains","Other","Purchase","6.36","Tijo Varughese"
03/14/2023,03/15/2023,"CVS/PHARMACY #02524 298 E STREET RD FSTRVL TRVOSE19053 PA USA","CVS Pharmacy","Other","Purchase","29.00","Tijo Varughese"
03/14/2023,03/15/2023,"CHATGPT SUBSCRIPTION 548 MARKET STREETPMB 97273 SAN FRANCISCO94104-5401CA USA","Chatgpt Subscription","Other","Purchase","21.20","Tijo Varughese"
03/13/2023,03/15/2023,"WAWA 8136 STREET RD AND BUSTLETON LOWER SOUTHAM19053 PA USA","Wawa","Gas","Purchase","61.08","Tijo Varughese"
03/12/2023,03/14/2023,"QDOBA 3000 690 ROCKHILL DR. BENSALEM 19020 PA USA","Qdoba 3000","Restaurants","Purchase","48.18","Tijo Varughese"
03/12/2023,03/13/2023,"GIANT 6541 176 W. STREET ROAD FEASTERVILLE 19053 PA USA","Giant 6541","Grocery","Purchase","215.54","Tijo Varughese"
03/12/2023,03/13/2023,"TARGET 00011833800 ROCKHILL DR BENSALEM 19020 PA USA","Target","Grocery","Purchase","91.00","Tijo Varughese"
03/12/2023,03/13/2023,"REDSTONE 512 W GERMANTOWN PIKE PLYMOUTH MTG 194620000 PA USA","Redstone","Restaurants","Purchase","90.00","Tijo Varughese"
03/12/2023,03/13/2023,"HLU*HULU ***************** BROADWAY HULU.COM/BILL***** CA USA","Hulu","Utilities","Purchase","8.47","Tijo Varughese"
03/12/2023,03/12/2023,"UNO'S CHICAGO GRILL 19801 NESHAMINY MALL BENSALEM 19020 PA USA","Uno Chicago Grill","Restaurants","Purchase","950.00","Tijo Varughese"
03/11/2023,03/12/2023,"OSAKA 504 504 SECOND STREET PIKE SOUTHAMPTON 189660000 PA USA","Osaka 504","Restaurants","Purchase","108.67","Tijo Varughese"
03/10/2023,03/11/2023,"PARTY CITY 1180 924 W STREET RD WARMINSTER 18974 PA USA","Party City","Other","Purchase","105.62","Tijo Varughese"
03/10/2023,03/11/2023,"DUNKIN #336598 Q35 11725 BUSTLETON AVE PHILADELPHIA 19106 PA USA","Dunkin'","Restaurants","Purchase","24.96","Tijo Varughese"
03/10/2023,03/11/2023,"PETSMART # 0572 94 WEST STREET ROAD WARMINSTER 18974 PA USA","PetSmart","Other","Purchase","47.13","Tijo Varughese"
03/31/2023,03/31/2023,"MONTHLY INSTALLMENTS (6 OF 24)","Monthly Installments (6 Of 24)","Installment","Installment","11.62","Tijo Varughese"
03/31/2023,03/31/2023,"MONTHLY INSTALLMENTS (7 OF 24)","Monthly Installments (7 Of 24)","Installment","Installment","22.04","Tijo Varughese"
03/31/2023,03/31/2023,"MONTHLY INSTALLMENTS (19 OF 24)","Monthly Installments (19 Of 24)","Installment","Installment","39.95","Tijo Varughese"
03/31/2023,03/31/2023,"MONTHLY INSTALLMENTS (7 OF 24)","Monthly Installments (7 Of 24)","Installment","Installment","3.29","Tijo Varughese"
03/31/2023,03/31/2023,"MONTHLY INSTALLMENTS (19 OF 24)","Monthly Installments (19 Of 24)","Installment","Installment","8.29","Tijo Varughese"
03/31/2023,03/31/2023,"MONTHLY INSTALLMENTS (7 OF 12)","Monthly Installments (7 Of 12)","Installment","Installment","4.91","Tijo Varughese"
03/31/2023,03/31/2023,"MONTHLY INSTALLMENTS (6 OF 24)","Monthly Installments (6 Of 24)","Installment","Installment","11.20","Tijo Varughese"
03/10/2023,03/11/2023,"WINE AND SPIRITS 4642 2080 COUNTY LINE ROAD HUNTINGDON VA19006 PA USA","Wine & Spirits Stores","Alcohol","Purchase","70.68","Tijo Varughese"
03/10/2023,03/11/2023,"PENN HUNTINGDON VALLEY2068 COUNTY LINE ROAD HUNTINGDON VA19006 PA USA","Penn Huntingdon Valley","Entertainment","Purchase","45.00","Tijo Varughese"
03/10/2023,03/11/2023,"PAYLESS CLEANERS 15200 BUSTLETON AVE PHILADELPHIA 19116 PA USA","Payless Cleaners","Other","Purchase","57.81","Tijo Varughese"
03/09/2023,03/11/2023,"THE HOME DEPOT #6866 11711 BRUSTLETON AVE PHILADELPHIA 191160000 PA USA","Home Depot","Other","Purchase","154.59","Tijo Varughese"
03/09/2023,03/10/2023,"METRO DINER BENSALEM 3630 STREET RD BENSALEM 19020 PA USA","Metro Diner","Restaurants","Purchase","33.72","Tijo Varughese"
03/09/2023,03/10/2023,"KASHMIR GARDEN 9325 KREWSTOWN RD PHILADELPHIA 19115 PA USA","Kashmir Garden","Grocery","Purchase","154.30","Tijo Varughese"
03/08/2023,03/10/2023,"YUM YUM BAKE SHOP WARM500 WEST STREET RD. WARMINSTER 18974 PA USA","Yum Yum Bake Shop","Restaurants","Purchase","104.22","Tijo Varughese"
03/09/2023,03/10/2023,"BIG SAMS PIZZA - TREVO1317 BRIDGETOWN PIKE TREVOSE 19053 PA USA","Big Sams Pizza - Trevo","Restaurants","Purchase","36.62","Tijo Varughese"
03/09/2023,03/09/2023,"MCDONALD'S F1674 334 E STREET ROAD FEASTERVILLE 19047 PA USA","McDonald's","Restaurants","Purchase","25.41","Tijo Varughese"
03/07/2023,03/09/2023,"TOKYO SUSHI & CATERING1701 JOHN F KENNEDY BOUL PHILADELPHIA 19103 PA USA","Tokyo Sushi & Catering","Restaurants","Purchase","3.23","Tijo Varughese"
03/07/2023,03/08/2023,"DUNKIN #343685 1700 JFK BLV SUBURBN STA 2155630329 19103 PA USA","Dunkin'","Restaurants","Purchase","14.35","Tijo Varughese"
03/06/2023,03/07/2023,"DD DOORDASH KFC 303 2ND STREET 8559731040 94107 CA USA","DD Doordash Kfc","Restaurants","Purchase","69.70","Tijo Varughese"
03/05/2023,03/07/2023,"SUNOCO 0012328107 QPS190 W ST RD FEASTERVILLE 19053 PA USA","Sunoco","Gas","Purchase","48.51","Tijo Varughese"
03/05/2023,03/07/2023,"WENDY'S 2644 1013 W RIDGE PIKE CONSHOHOCKEN 19428 PA USA","Wendy's","Restaurants","Purchase","33.73","Tijo Varughese"
03/05/2023,03/06/2023,"SHOE DEPT 1907 18 W LIGHTCAP RD POTTSTOWN 19464-7806PA USA","Shoe Dept 1907","Shopping","Purchase","16.95","Tijo Varughese"
03/05/2023,03/06/2023,"NEXTDAYKOI COM 4546 KERNERSVILLE RD 800-3516851 27284-8107NC USA","Nextdaykoi Com","Other","Purchase","61.48","Tijo Varughese"
03/05/2023,03/06/2023,"WINE AND SPIRITS 0914 162 E STREET ROAD FEASTERVILLE 19053 PA USA","Wine and Spirits 0914","Alcohol","Purchase","54.05","Tijo Varughese"
03/05/2023,03/06/2023,"FAMOUS FOOTWEAR #2687 18 LIGHTCAP RD STE 999 POTTSTOWN 19464 PA USA","Famous Footwear","Shopping","Purchase","28.61","Tijo Varughese"
03/05/2023,03/06/2023,"GIANT 6541 176 W. STREET ROAD FEASTERVILLE 19053 PA USA","Giant 6541","Grocery","Purchase","81.75","Tijo Varughese"
03/04/2023,03/05/2023,"DD/BR #352894 Q35 110 STREET RD LOWER S.HAMPT19047 PA USA","Dd/Br #352894 Q35","Restaurants","Purchase","13.31","Tijo Varughese"
03/05/2023,03/05/2023,"INDIAN GARDEN 676 STONY HILL RD YARDLEY 19067 PA USA","Indian Garden","Restaurants","Purchase","137.11","Tijo Varughese"
03/04/2023,03/05/2023,"TONAL SYSTEMS, INC 617 BRYANT ST SAN FRANCISCO94107 CA USA","Tonal Systems, Inc","Other","Purchase","51.94","Tijo Varughese"
03/04/2023,03/05/2023,"GOOGLE*DOMAINS G.CO/HELPPAY# INTERNET 94043 CA USA","Google","Other","Purchase","25.44","Tijo Varughese"
03/03/2023,03/05/2023,"DUNKIN' MOBILE AP 130 ROYALL STREET. 8004470013 02021 MA USA","Dunkin'","Restaurants","Purchase","50.00","Tijo Varughese"
03/04/2023,03/04/2023,"TEXAS ROADHOUSE #2234 1545 STREET ROAD BENSALEM 19020 PA USA","Texas Roadhouse","Restaurants","Purchase","91.82","Tijo Varughese"
03/03/2023,03/04/2023,"APNA BAZAR 2631 STREET ROAD BENSALEM 19020 PA USA","Apna Bazar Cash & Carry","Grocery","Purchase","303.85","Tijo Varughese"
03/02/2023,03/03/2023,"CTC CAFE QPS1800 ARCH STREET PHILADELPHIA 19103 PA USA","CTC Cafe Qps","Restaurants","Purchase","15.12","Tijo Varughese"
02/28/2023,03/03/2023,"APPLE.COM/BILL ONE APPLE PARK WAY 866-712-7753 95014 CA USA","Apple Services","Other","Purchase","6.47","Tijo Varughese"
03/01/2023,03/03/2023,"WAWA 8136 STREET RD AND BUSTLETON LOWER SOUTHAM19053 PA USA","Wawa","Gas","Purchase","10.82","Tijo Varughese"
03/01/2023,03/03/2023,"WAWA 8136 STREET RD AND BUSTLETON LOWER SOUTHAM19053 PA USA","Wawa","Gas","Purchase","33.56","Tijo Varughese"
03/01/2023,03/03/2023,"FP *CALVARY CHRISTIAN 13500 PHILMONT AVE 215-9691579 19116 PA USA","FP *Calvary Christian","Other","Purchase","40.80","Tijo Varughese"
03/01/2023,03/03/2023,"GOOGLE*ADS2371403991 CC GOOGLE.COM INTERNET 94043 CA USA","Google","Other","Purchase","34.43","Tijo Varughese"
03/01/2023,03/03/2023,"COPART, INC. 4610 WESTAMERICA DRIVE 7076462100 94534 CA USA","Copart","Other","Purchase","99.00","Tijo Varughese"
03/01/2023,03/02/2023,"COMPASSION INTERNATION12290 VOYAGER PARKWAY 8003367676 80921 CO USA","Compassion International","Other","Purchase","28.00","Tijo Varughese"
02/28/2023,03/02/2023,"CTC COFFEE BAR CAFEQPS1800 ARCH STREET PHILADELPHIA 19103 PA USA","CTC Coffee Bar Cafeqps","Restaurants","Purchase","10.15","Tijo Varughese"
02/28/2023,03/02/2023,"SEPTA WEB-CARD 1234 MARKET ST 2155618231 19107 PA USA","Septa Web-Card","Transportation","Purchase","50.00","Tijo Varughese"
02/28/2023,03/02/2023,"GOOGLE*DOMAINS G.CO/HELPPAY# INTERNET 94043 CA USA","Google","Other","Purchase","6.36","Tijo Varughese"