Transaction Date,Clearing Date,Description,Merchant,Category,Type,Amount (USD),Purchased By
08/30/2023,09/01/2023,"CTC COFFEE BAR CAFEQPS1800 ARCH STREET PHILADELPHIA 19103 PA USA","CTC COFFEE BAR CAFEQPS1800 ARCH STREET PHILADELPHIA 19103 PA USA","Restaurants","Purchase","6.26","Tijo Varughese"
08/29/2023,08/30/2023,"MCDONALD'S F1674 334 E STREET ROAD FEASTERVILLE 19047 PA USA","McDonald's","Restaurants","Purchase","27.09","Tijo Varughese"
08/30/2023,08/30/2023,"ALIEXPRESS 400 EL CAMINO SOUTH SAN MATEO 94402 CA USA","AliExpress","Shopping","Purchase","13.65","Tijo Varughese"
08/30/2023,08/30/2023,"SEPTA CALL CENTER-CARD1234 MARKET ST PHILADELPHIA 19107 PA USA","Septa Call Center-Card","Transportation","Purchase","25.00","Tijo Varughese"
08/28/2023,08/29/2023,"TST* WHOLE HOG CAFE - 1811 ROUTE 70 W CHERRY HILL 08002 NJ USA","Whole Hog Cafe","Restaurants","Purchase","29.07","Tijo Varughese"
08/29/2023,08/29/2023,"CHICKFILA APP 866232205200 BUFFINGTON ROAD ATLANTA 30349 GA USA","Chick-Fil-A","Restaurants","Purchase","25.00","Tijo Varughese"
08/28/2023,08/29/2023,"TESLA_US_SERVICE 3500 DEER CREEK 8777983752 94304 CA USA","Tesla_us_service","Other","Purchase","2797.32","Tijo Varughese"
08/27/2023,08/28/2023,"DSW VALLEY SQUARE 761 EASTON RD STE 6003 STE 6003 WARRINGTON 18976 PA USA","DSW","Shopping","Purchase","153.22","Tijo Varughese"
08/28/2023,08/28/2023,"UNO'S CHICAGO GRILL 19801 NESHAMINY MALL BENSALEM 19020 PA USA","Uno Chicago Grill","Restaurants","Purchase","40.25","Tijo Varughese"
08/27/2023,08/28/2023,"FRESH WORKS - RICHBORO800 BUSTLETON PIKE RICHBORO 18954 PA USA","Fresh Works","Restaurants","Purchase","49.50","Tijo Varughese"
08/27/2023,08/28/2023,"SHOPRITE WARMINSTER S1942 W ST RD WARMINSTER 18974 PA USA","ShopRite","Grocery","Purchase","135.70","Tijo Varughese"
08/26/2023,08/28/2023,"5GUYS 1146 QSR 125 E STREET RD FSTRVL TRVOSE19053 PA USA","5guys 1146 Qsr","Restaurants","Purchase","45.64","Tijo Varughese"
08/27/2023,08/28/2023,"TST* MANGO MANGO DESSE64 PRINCETON HIGHTSTOWN RD STE 7 WEST WINDSOR 08550 NJ USA","Mango Mango Desse","Restaurants","Purchase","49.25","Tijo Varughese"
08/26/2023,08/28/2023,"PETCO 886 6350886597 E STREET RD FEASTERVILLE 19053 PA USA","Petco","Other","Purchase","69.85","Tijo Varughese"
08/26/2023,08/27/2023,"APPLEBEES **************** STREET RD SOUTHAMPTON ***** PA USA","Applebee's","Restaurants","Purchase","52.62","Tijo Varughese"
08/27/2023,08/27/2023,"PENANG MALAYSIAN & THA635 NASSAU PARK BLVD PRINCETON 08540 NJ USA","Penang Malaysian & Thai Cuisine","Restaurants","Purchase","53.28","Tijo Varughese"
08/25/2023,08/27/2023,"CHICK-FIL-A #03463 45 W STREET ROAD WARMINSTER 18974 PA USA","Chick-fil-A","Restaurants","Purchase","12.44","Tijo Varughese"
08/25/2023,08/27/2023,"MOCHIATSU 270 E STREET RD FEASTERVILLE 190530000 PA USA","Mochiatsu","Restaurants","Purchase","34.87","Tijo Varughese"
08/26/2023,08/26/2023,"ACH DEPOSIT INTERNET TRANSFER FROM ACCOUNT ENDING IN 4772","Ach Deposit Internet Transfer From Account Ending In 4772","Payment","Payment","-4722.99","Tijo Varughese"
08/25/2023,08/26/2023,"CVS/PHARMACY #02524 298 E STREET RD FSTRVL TRVOSE19053 PA USA","CVS Pharmacy","Other","Purchase","81.70","Tijo Varughese"
08/24/2023,08/25/2023,"MCDONALD'S F1674 334 E STREET ROAD FEASTERVILLE 19047 PA USA","McDonald's","Restaurants","Purchase","33.71","Tijo Varughese"
08/24/2023,08/25/2023,"CTC COFFEE BAR CAFEQPS1800 ARCH STREET PHILADELPHIA 19103 PA USA","CTC Coffee Bar Cafeqps","Restaurants","Purchase","12.20","Tijo Varughese"
08/22/2023,08/24/2023,"PHILLY PRETZEL JFK B 1600 JFK BLVD PHILADELPHIA 19103 PA USA","Philly Pretzel Jfk B","Restaurants","Purchase","2.97","Tijo Varughese"
08/22/2023,08/24/2023,"PHILLY PRETZEL JFK B 1600 JFK BLVD PHILADELPHIA 19103 PA USA","Philly Pretzel Jfk B","Restaurants","Purchase","5.94","Tijo Varughese"
08/23/2023,08/24/2023,"WAWA 8047 10901 BUSTLETON AVE. PHILADELPHIA 19115 PA USA","Wawa","Gas","Purchase","31.55","Tijo Varughese"
08/23/2023,08/24/2023,"WAWA 8047 10901 BUSTLETON AVE. PHILADELPHIA 19115 PA USA","Wawa","Gas","Purchase","0.39","Tijo Varughese"
08/23/2023,08/24/2023,"WAWA 8047 10901 BUSTLETON AVE. PHILADELPHIA 19115 PA USA","Wawa","Gas","Purchase","48.51","Tijo Varughese"
08/22/2023,08/24/2023,"APPLE.COM/BILL ONE APPLE PARK WAY CUPERTINO 95014 CA USA","Apple Services","Other","Purchase","10.79","Tijo Varughese"
08/23/2023,08/24/2023,"GIANT 6541 176 W. STREET ROAD FEASTERVILLE 19053 PA USA","Giant 6541","Grocery","Purchase","16.79","Tijo Varughese"
08/23/2023,08/24/2023,"GIANT 6541 176 W. STREET ROAD FEASTERVILLE 19053 PA USA","Giant 6541","Grocery","Purchase","24.41","Tijo Varughese"
08/22/2023,08/23/2023,"APPLE.COM/BILL ONE APPLE PARK WAY 866-712-7753 95014 CA USA","Apple Services","Other","Purchase","10.79","Tijo Varughese"
08/22/2023,08/23/2023,"SEPTA CALL CENTER-CARD1234 MARKET ST PHILADELPHIA 19107 PA USA","Septa Call Center-Card","Transportation","Purchase","25.00","Tijo Varughese"
08/21/2023,08/22/2023,"ZIPS CLEANERS 109 618 YORK RD WARMINSTER 18974 PA USA","ZIPS Dry Cleaners","Other","Purchase","65.27","Tijo Varughese"
08/21/2023,08/22/2023,"EBAY O*20-10434-88570 2535 NORTH FIRST STREET SAN JOSE 95131 CA USA","eBay","Shopping","Purchase","156.88","Tijo Varughese"
08/21/2023,08/22/2023,"GIANT 6541 176 W. STREET ROAD FEASTERVILLE 19053 PA USA","Giant 6541","Grocery","Purchase","110.90","Tijo Varughese"
08/20/2023,08/21/2023,"LS YOUR HOME OUTLET 654 YORK RD WARMINSTER 18974 PA USA","LS Your Home Outlet","Other","Purchase","85.86","Tijo Varughese"
08/20/2023,08/21/2023,"SQ *MANHATTAN BAGEL 217-341 HEIGHTS LANE FEASTERVILLE-19053 PA USA","Manhattan Bagel","Restaurants","Purchase","7.41","Tijo Varughese"
08/19/2023,08/20/2023,"SQ *SEPARATELY SWIMWEA818 BOARDWALK OCEAN CITY 08226 NJ USA","Separately Swimwear","Shopping","Purchase","21.31","Tijo Varughese"
08/18/2023,08/20/2023,"CHICK-FIL-A #03463 45 W STREET ROAD WARMINSTER 18974 PA USA","Chick-fil-A","Restaurants","Purchase","17.30","Tijo Varughese"
08/19/2023,08/20/2023,"OLIVE GARDEN 000149512245 E LINCOLN HWY LANGHORNE 19047 PA USA","Olive Garden","Restaurants","Purchase","80.00","Tijo Varughese"
08/19/2023,08/19/2023,"APPLE.COM/BILL ONE APPLE PARK WAY 866-712-7753 95014 CA USA","Apple Services","Other","Purchase","5.39","Tijo Varughese"
08/19/2023,08/19/2023,"APPLE.COM/BILL ONE APPLE PARK WAY 866-712-7753 95014 CA USA","Apple Services","Other","Purchase","5.39","Tijo Varughese"
08/18/2023,08/19/2023,"DUNKIN #336598 Q35 11725 BUSTLETON AVE PHILADELPHIA 19106 PA USA","Dunkin'","Restaurants","Purchase","17.07","Tijo Varughese"
08/17/2023,08/19/2023,"TOKYO SUSHI & CATERING1701 JOHN F KENNEDY BOUL PHILADELPHIA 19103 PA USA","Tokyo Sushi & Catering","Restaurants","Purchase","3.23","Tijo Varughese"
08/17/2023,08/18/2023,"BIG SAMS PIZZA - TREVO1317 BRIDGETOWN PIKE TREVOSE 19053 PA USA","Big Sams Pizza - Trevo","Restaurants","Purchase","60.38","Tijo Varughese"
08/17/2023,08/18/2023,"SEPTA WEB-CARD 1234 MARKET ST PHILADELPHIA 19107 PA USA","Septa Web-Card","Transportation","Purchase","25.00","Tijo Varughese"
08/17/2023,08/18/2023,"SQ *TALHA KHAN 3306 ARCH STREET PHILADELPHIA 19104 PA USA","Talha Khan","Restaurants","Purchase","10.00","Tijo Varughese"
08/17/2023,08/18/2023,"CHATGPT SUBSCRIPTION 548 MARKET STREETPMB 97273 SAN FRANCISCO94104-5401CA USA","Chatgpt Subscription","Other","Purchase","21.20","Tijo Varughese"
08/17/2023,08/17/2023,"JEFF HLTH 215-955-1042833 CHESTNUT ST PHILADELPHIA 19107 PA USA","Jeff Hlth 215-955-1042","Medical","Purchase","20.00","Tijo Varughese"
08/15/2023,08/16/2023,"GIANT 6541 176 W. STREET ROAD FEASTERVILLE 19053 PA USA","Giant 6541","Grocery","Purchase","43.93","Tijo Varughese"
08/31/2023,08/31/2023,"MONTHLY INSTALLMENTS (11 OF 24)","Monthly Installments (11 Of 24)","Installment","Installment","11.62","Tijo Varughese"
08/31/2023,08/31/2023,"MONTHLY INSTALLMENTS (12 OF 24)","Monthly Installments (12 Of 24)","Installment","Installment","22.04","Tijo Varughese"
08/31/2023,08/31/2023,"MONTHLY INSTALLMENTS (24 OF 24)","Monthly Installments (24 Of 24)","Installment","Installment","40.15","Tijo Varughese"
08/31/2023,08/31/2023,"MONTHLY INSTALLMENTS (12 OF 24)","Monthly Installments (12 Of 24)","Installment","Installment","3.29","Tijo Varughese"
08/31/2023,08/31/2023,"MONTHLY INSTALLMENTS (24 OF 24)","Monthly Installments (24 Of 24)","Installment","Installment","8.33","Tijo Varughese"
08/31/2023,08/31/2023,"MONTHLY INSTALLMENTS (12 OF 12)","Monthly Installments (12 Of 12)","Installment","Installment","4.99","Tijo Varughese"
08/31/2023,08/31/2023,"MONTHLY INSTALLMENTS (11 OF 24)","Monthly Installments (11 Of 24)","Installment","Installment","11.20","Tijo Varughese"
08/14/2023,08/16/2023,"EXXON 7-ELEVEN 41054 3400 WEST END AVE NASHVILLE 37203 TN USA","Exxon","Gas","Purchase","77.25","Tijo Varughese"
08/15/2023,08/16/2023,"COMPASSION INTERNATION12290 VOYAGER PARKWAY COLORADO SPRI80921 CO USA","Compassion International","Other","Purchase","214.00","Tijo Varughese"
08/15/2023,08/16/2023,"OSAKA JAPANESE AND CHI504 2ND STREET PIKE SOUTHAMPTON 18966-3805PA USA","Osaka Japanese and Chi","Restaurants","Purchase","65.40","Tijo Varughese"
08/15/2023,08/16/2023,"EMT AUTO 1725 BUSTLETON PIKE SUITE FSTRVL TRVOSE19053 PA USA","EMT Auto","Other","Purchase","345.38","Tijo Varughese"
08/15/2023,08/16/2023,"CVS CAREPASS 1 CVS DR 800-7467287 02895 RI USA","CVS","Other","Purchase","5.00","Tijo Varughese"
08/15/2023,08/16/2023,"PPA PHL AIRPORT 1 MAIN TOLL PLZ PHILADELPHIA 19153 PA USA","Ppa Phl Airport","Other","Purchase","168.00","Tijo Varughese"
08/14/2023,08/15/2023,"TST* OSCARS TACO SHOP 2323 ELLISTON PLACE NASHVILLE 37203 TN USA","Oscars Taco Shop","Restaurants","Purchase","31.09","Tijo Varughese"
08/09/2023,08/15/2023,"HOMES TO SUITES BY HIL100 MURPHY CT NASHVILLE 37203-1172TN USA","Home2 Suites","Other","Purchase","163.90","Tijo Varughese"
08/15/2023,08/15/2023,"CHECKERS 9173 ROOSEVELT BLVD PHILADELPHIA 19129 PA USA","Checkers","Restaurants","Purchase","41.72","Tijo Varughese"
08/13/2023,08/15/2023,"THE DINER 200 3RD AVE S NASHVILLE 37201 TN USA","The Diner","Restaurants","Purchase","56.86","Tijo Varughese"
08/13/2023,08/15/2023,"THE DINER 200 3RD AVE S NASHVILLE 37201 TN USA","The Diner","Restaurants","Purchase","4.83","Tijo Varughese"
08/14/2023,08/15/2023,"GOOGLE*DOMAINS G.CO/HELPPAY# G.CO/HELPPAY#94043 CA USA","Google","Other","Purchase","6.36","Tijo Varughese"
08/09/2023,08/15/2023,"DOLLAR #0058312 5601 NW EXPRESSWAY NASHVILLE 73134 TN USA","Dollar Rent A Car","Car-rentals","Purchase","112.60","Tijo Varughese"
08/14/2023,08/15/2023,"SQ *DOSE COFFEE & TEA 3015 POSTON AVENUE NASHVILLE 37203 TN USA","Dose Coffee & Tea","Restaurants","Purchase","23.76","Tijo Varughese"
08/13/2023,08/14/2023,"LE MACARON-COOL SPRING1800 GALLERIA BLVD FRANKLIN 37067 TN USA","Le Macaron-Cool Spring","Restaurants","Purchase","4.94","Tijo Varughese"
08/13/2023,08/14/2023,"SQ *FIVE DAUGHTERS BAK230 FRANKLIN ROAD FRANKLIN 37064 TN USA","Five Daughters Bakery","Restaurants","Purchase","14.49","Tijo Varughese"
08/13/2023,08/14/2023,"AMERICAN 1 SKYVIEW DRIVE FORT WORTH 76155 TX USA","American Airlines","Airlines","Purchase","30.00","Tijo Varughese"
08/13/2023,08/13/2023,"MAGGIANOS NASHVILLE 3106 WEST END AVE NASHVILLE 37203 TN USA","Maggiano's","Restaurants","Purchase","36.87","Tijo Varughese"
08/12/2023,08/13/2023,"APPLE.COM/BILL ONE APPLE PARK WAY 866-712-7753 95014 CA USA","Apple Services","Other","Purchase","9.99","Tijo Varughese"
08/12/2023,08/13/2023,"SQ *MARTIN'S BAR-B-QUE2404 ELLISTON PLACE NASHVILLE 37203 TN USA","Martin's Bar-B-Que","Restaurants","Purchase","7.39","Tijo Varughese"
08/12/2023,08/13/2023,"SQ *MARTIN'S BAR-B-QUE2404 ELLISTON PLACE NASHVILLE 37203 TN USA","Martin's Bar-B-Que","Restaurants","Purchase","21.14","Tijo Varughese"
08/12/2023,08/13/2023,"SQ *MARTIN'S BAR-B-QUE2404 ELLISTON PLACE NASHVILLE 37203 TN USA","Martin's Bar-B-Que","Restaurants","Purchase","148.79","Tijo Varughese"
08/12/2023,08/13/2023,"SQ *DOSE COFFEE & TEA 3015 POSTON AVENUE NASHVILLE 37203 TN USA","Dose Coffee & Tea","Restaurants","Purchase","19.39","Tijo Varughese"
08/12/2023,08/13/2023,"HULU 877-8244858 CA 2500 BROADWAY SANTA MONICA 90404 CA USA","Hulu","Utilities","Purchase","8.47","Tijo Varughese"
08/12/2023,08/12/2023,"ACH DEPOSIT INTERNET TRANSFER FROM ACCOUNT ENDING IN 4772","Ach Deposit Internet Transfer From Account Ending In 4772","Payment","Payment","-2701.00","Tijo Varughese"
08/12/2023,08/12/2023,"NIKEPOS_US 167 OPRY MILLS DR. NASHVILLE 37214 TN USA","Nike","Shopping","Purchase","43.70","Tijo Varughese"
08/11/2023,08/12/2023,"SSA NASHVILLE ZOO 3777 NOLENSVILLE RD NASHVILLE 37211 TN USA","Ssa Nashville Zoo","Other","Purchase","49.16","Tijo Varughese"
08/11/2023,08/12/2023,"SSA NASHVILLE ZOO 3777 NOLENSVILLE RD NASHVILLE 37211 TN USA","Ssa Nashville Zoo","Other","Purchase","21.85","Tijo Varughese"
08/11/2023,08/12/2023,"SSA NASHVILLE ZOO 3777 NOLENSVILLE RD NASHVILLE 37211 TN USA","Ssa Nashville Zoo","Other","Purchase","29.49","Tijo Varughese"
08/10/2023,08/11/2023,"TST* NOBLES KITCHEN AN974 MAIN ST NASHVILLE 37206 TN USA","Nobles Kitchen","Restaurants","Purchase","12.82","Tijo Varughese"
08/11/2023,08/11/2023,"WOODLANDS INDIAN CUISI3415 WEST END AVE NASHVILLE 37203 TN USA","Woodlands Indian Cuisi","Restaurants","Purchase","46.02","Tijo Varughese"
08/10/2023,08/11/2023,"CAFE INTERMEZZO - NASH205 DEMONBREUN STREET NASHVILLE 37201 TN USA","Cafe Intermezzo - Nash","Restaurants","Purchase","13.66","Tijo Varughese"
08/10/2023,08/11/2023,"TR57ZFRDQ-5 AMZN AD 440 TERRY AVE N 866-216-1072 98109 WA USA","Amazon Media","Other","Purchase","107.82","Tijo Varughese"
08/10/2023,08/11/2023,"GOO GOO CHOCOLATE CO. 116 3RD AVENUE SOUTH NASHVILLE 37201 TN USA","Goo Goo Chocolate Co.","Grocery","Purchase","16.39","Tijo Varughese"
08/10/2023,08/10/2023,"PUBLIX #1680 1010 CHARLOTTE AVE NASHVILLE 37203 TN USA","Publix","Grocery","Purchase","118.59","Tijo Varughese"
08/09/2023,08/10/2023,"WAWA 8136 STREET RD AND BUSTLETON LOWER SOUTHAM19053 PA USA","Wawa","Gas","Purchase","50.54","Tijo Varughese"
08/09/2023,08/10/2023,"LE BUS CAFE PHIL INTL AIRPORT TERM F PHILADELPHIA 19153 PA USA","Le Bus Cafe","Restaurants","Purchase","8.91","Tijo Varughese"
08/10/2023,08/10/2023,"MCDONALD'S F3803 2700 WEST END AVE NASHVILLE 37203 TN USA","McDonald's","Restaurants","Purchase","16.66","Tijo Varughese"
08/09/2023,08/10/2023,"SQ *THE BAKED BEAR NAS121 21ST AVENUE NORTH NASHVILLE 37203 TN USA","The Baked Bear Nashville","Restaurants","Purchase","8.73","Tijo Varughese"
08/09/2023,08/10/2023,"SQ *THE BAKED BEAR NAS121 21ST AVENUE NORTH NASHVILLE 37203 TN USA","The Baked Bear","Restaurants","Purchase","12.84","Tijo Varughese"
08/09/2023,08/10/2023,"SQ *RED'S 615 KITCHEN 2404 ELLISTON PLACE NASHVILLE 37203 TN USA","Red's 615 Kitchen","Restaurants","Purchase","44.00","Tijo Varughese"
08/08/2023,08/09/2023,"DI BRUNO BROS 1730 CHESTNUT ST PHILADELPHIA 19103 PA USA","Di Bruno Bros","Grocery","Purchase","19.75","Tijo Varughese"
08/08/2023,08/09/2023,"AMERICAN 1 SKYVIEW DRIVE FORT WORTH 76155 TX USA","American Airlines","Airlines","Purchase","30.00","Tijo Varughese"
08/08/2023,08/08/2023,"OPENAI 548 MARKET STREETPMB 97273 SAN FRANCISCO94104-5401CA USA","Openai","Other","Purchase","262.15","Tijo Varughese"
08/08/2023,08/08/2023,"POLYGON.IO DATA API 331 ELIZABETH ST NESUITE A ATLANTA 30307 GA USA","Polygon.io Data Api","Other","Purchase","29.00","Tijo Varughese"
08/07/2023,08/08/2023,"AUTO TAGS NOW 1201 BRIDGETOWN PIKE TREVOSE 19053 PA USA","Auto Tags Now","Other","Purchase","2246.00","Tijo Varughese"
08/06/2023,08/07/2023,"CVS/PHARMACY #02524 298 E STREET RD FSTRVL TRVOSE19053 PA USA","CVS Pharmacy","Other","Purchase","59.60","Tijo Varughese"
08/05/2023,08/07/2023,"ROSS STORES #854 2327 STREET RD BENSALEM 190200000 PA USA","Ross Stores","Other","Purchase","123.03","Tijo Varughese"
08/06/2023,08/06/2023,"GOOGLE DOMAINS 1600 AMPHITHEATRE PARKWAY MOUNTAIN VIEW94043 CA USA","Google Domains","Other","Purchase","25.44","Tijo Varughese"
08/05/2023,08/06/2023,"CVS/PHARMACY #02524 298 E STREET RD FSTRVL TRVOSE19053 PA USA","CVS Pharmacy","Other","Purchase","70.78","Tijo Varughese"
08/06/2023,08/06/2023,"TEXAS ROADHOUSE #2234 1545 STREET ROAD BENSALEM 19020 PA USA","Texas Roadhouse","Restaurants","Purchase","109.90","Tijo Varughese"
08/05/2023,08/06/2023,"MCDONALD'S F1674 334 E STREET ROAD FEASTERVILLE 19047 PA USA","McDonald's","Restaurants","Purchase","32.98","Tijo Varughese"
08/04/2023,08/06/2023,"CHICK-FIL-A #03463 45 W STREET ROAD WARMINSTER 18974 PA USA","Chick-fil-A","Restaurants","Purchase","12.65","Tijo Varughese"
08/05/2023,08/06/2023,"ELITE INDIAN KITCHEN 2163 GALLOWAY ROAD ANDALUSIA 19020 PA USA","Elite Indian Kitchen","Restaurants","Purchase","55.12","Tijo Varughese"
08/05/2023,08/06/2023,"PEOPLES CHOICE URGENT 3571 HULMEVILLE RD BENSALEM 19020-4311PA USA","Peoples Choice Urgent","Medical","Purchase","40.00","Tijo Varughese"
08/05/2023,08/06/2023,"PEOPLES CHOICE URGENT 3571 HULMEVILLE RD BENSALEM 19020-4311PA USA","Peoples Choice Urgent","Medical","Purchase","35.00","Tijo Varughese"
08/05/2023,08/06/2023,"PEOPLES CHOICE URGENT 3571 HULMEVILLE RD BENSALEM 19020-4311PA USA","Peoples Choice Urgent","Medical","Purchase","20.00","Tijo Varughese"
08/04/2023,08/05/2023,"PAPA JOHNS 5126 170 E STREET RD FSTRVL TRVOSE19053 PA USA","Papa John's","Restaurants","Purchase","13.77","Tijo Varughese"
08/04/2023,08/05/2023,"MCDONALD'S F1674 334 E STREET ROAD FEASTERVILLE 19047 PA USA","McDonald's","Restaurants","Purchase","4.02","Tijo Varughese"
08/03/2023,08/05/2023,"BURGER KING #421 Q071035 BUSTLETON PIKE FEASTERVILLE 19053 PA USA","Burger King","Restaurants","Purchase","34.99","Tijo Varughese"
08/04/2023,08/05/2023,"TONAL SYSTEMS, INC 617 BRYANT ST SAN FRANCISCO94107 CA USA","Tonal Systems, Inc","Other","Purchase","63.55","Tijo Varughese"
08/03/2023,08/04/2023,"DI BRUNO BROS 1730 CHESTNUT ST PHILADELPHIA 19103 PA USA","Di Bruno Bros","Grocery","Purchase","3.99","Tijo Varughese"
08/03/2023,08/04/2023,"PANDA EXPRESS #1913 1701 JFK BLVD. PHILADELPHIA 19103 PA USA","Panda Express","Restaurants","Purchase","16.36","Tijo Varughese"
08/03/2023,08/04/2023,"CTC COFFEE BAR CAFEQPS1800 ARCH STREET PHILADELPHIA 19103 PA USA","CTC Coffee Bar Cafeqps","Restaurants","Purchase","5.94","Tijo Varughese"
08/02/2023,08/04/2023,"WALGREENS #7590 2 E STREET RD FSTRVL TRVOSE19053 PA USA","Walgreens","Other","Purchase","10.57","Tijo Varughese"
08/02/2023,08/04/2023,"WALGREENS #7590 2 E STREET RD FSTRVL TRVOSE19053 PA USA","Walgreens","Other","Purchase","3.97","Tijo Varughese"
08/01/2023,08/03/2023,"SEPTA WEB-CARD 1234 MARKET ST PHILADELPHIA 19107 PA USA","Septa Web-Card","Transportation","Purchase","25.00","Tijo Varughese"
08/01/2023,08/03/2023,"SQ *BBQ CHICKEN II INC7320 OLD YORK ROAD ELKINS PARK 19027 PA USA","BBQ Chicken Ii Inc","Restaurants","Purchase","68.86","Tijo Varughese"
08/01/2023,08/03/2023,"MOCHINUT 7320 OLD YORK RD # 204 ELKINS PARK 19027 PA USA","Mochinut","Restaurants","Purchase","22.15","Tijo Varughese"
08/01/2023,08/03/2023,"BURGER KING #421 Q071035 BUSTLETON PIKE FEASTERVILLE 19053 PA USA","Burger King","Restaurants","Purchase","22.62","Tijo Varughese"
08/01/2023,08/02/2023,"COMPASSION INTERNATION12290 VOYAGER PARKWAY COLORADO SPRI80921 CO USA","Compassion International","Other","Purchase","66.00","Tijo Varughese"
07/30/2023,08/02/2023,"WENDY'S 2644 1013 W RIDGE PIKE CONSHOHOCKEN 19428 PA USA","Wendy's","Restaurants","Purchase","34.60","Tijo Varughese"