Transaction Date,Clearing Date,Description,Merchant,Category,Type,Amount (USD),Purchased By
05/30/2023,05/31/2023,"MCDONALD'S F583 9970 BUSTLETON PHILADELPHIA 19115 PA USA","McDonald's","Restaurants","Purchase","12.94","Tijo Varughese"
05/31/2023,05/31/2023,"CVS/PHARMACY #02524 298 E STREET RD FSTRVL TRVOSE19053 PA USA","CVS Pharmacy","Other","Purchase","36.64","Tijo Varughese"
05/30/2023,05/31/2023,"ACTIVATED YOU 23251 MULHOLLAND DR 800--7208403 90404 CA USA","Activated You","Grocery","Purchase","188.26","Tijo Varughese"
05/30/2023,05/31/2023,"ACTIVATED YOU 23251 MULHOLLAND DR 800--7208403 90404 CA USA","Activated You","Grocery","Purchase","200.98","Tijo Varughese"
05/30/2023,05/30/2023,"ACH DEPOSIT INTERNET TRANSFER FROM ACCOUNT ENDING IN 4772","Ach Deposit Internet Transfer From Account Ending In 4772","Payment","Payment","-7098.03","Tijo Varughese"
05/29/2023,05/30/2023,"TST* NINA'S WAFFLES - 2905 S EAGLE RD NEWTOWN 18940 PA USA","Nina's Waffles","Restaurants","Purchase","23.64","Tijo Varughese"
05/29/2023,05/30/2023,"MOD PIZZA VILLAGE AT N2890 S EAGLE RD NEWTOWN 18940 PA USA","Mod Pizza Village At N","Restaurants","Purchase","55.34","Tijo Varughese"
05/29/2023,05/30/2023,"TARGET 00011833800 ROCKHILL DR BENSALEM 19020 PA USA (RETURN)","Target 00011833800 Rockhill Dr Bensalem 19020 Pa Usa (return)","Credit","Credit","-22.81","Tijo Varughese"
05/30/2023,05/30/2023,"DAILY CASH ADJUSTMENT","Daily Cash Adjustment","Debit","Debit","0.46","Tijo Varughese"
05/29/2023,05/30/2023,"GOOGLE*DOMAINS G.CO/HELPPAY# G.CO/HELPPAY#94043 CA USA","Google","Other","Purchase","14.00","Tijo Varughese"
05/29/2023,05/30/2023,"GIANT 6541 176 W. STREET ROAD FEASTERVILLE 19053 PA USA","Giant 6541","Grocery","Purchase","66.99","Tijo Varughese"
05/29/2023,05/30/2023,"WENDY'S #3122 2100 RED LION RD PHILADELPHIA 19115 PA USA","Wendy's","Restaurants","Purchase","7.55","Tijo Varughese"
05/28/2023,05/29/2023,"PETSMART # 0568 220 COMMERCE BLVD FAIRLESS HILL19030 PA USA","PetSmart","Other","Purchase","253.12","Tijo Varughese"
05/28/2023,05/29/2023,"TARGET 000113532331 E LINCOLN HWY LANGHORNE 19047 PA USA","Target","Grocery","Purchase","323.17","Tijo Varughese"
05/28/2023,05/29/2023,"SPORTS PIZZA BY KIO 1572 HAINES RD LEVITTOWN 19055 PA USA","Sports Pizza by Kio","Restaurants","Purchase","72.50","Tijo Varughese"
05/28/2023,05/29/2023,"SQ *MANHATTAN BAGEL 217-341 HEIGHTS LANE FEASTERVILLE-19053 PA USA","Manhattan Bagel","Restaurants","Purchase","31.99","Tijo Varughese"
05/27/2023,05/28/2023,"CVS/PHARMACY #02524 298 E STREET RD FSTRVL TRVOSE19053 PA USA","CVS Pharmacy","Other","Purchase","65.09","Tijo Varughese"
05/26/2023,05/28/2023,"BURGER KING #421 Q071035 BUSTLETON PIKE FEASTERVILLE 19053 PA USA","Burger King","Restaurants","Purchase","36.49","Tijo Varughese"
05/27/2023,05/28/2023,"SQ *MANHATTAN BAGEL 217-341 HEIGHTS LANE FEASTERVILLE-19053 PA USA","Manhattan Bagel","Restaurants","Purchase","23.87","Tijo Varughese"
05/26/2023,05/27/2023,"WAWA 271 535 HORSHAM ROAD HORSHAM 19044 PA USA","Wawa","Gas","Purchase","60.71","Tijo Varughese"
05/25/2023,05/27/2023,"CHICK-FIL-A #1686 3621 HORIZON BOULEVARD BENSALEM 19020 PA USA","Chick-Fil-A","Restaurants","Purchase","50.43","Tijo Varughese"
05/25/2023,05/26/2023,"PETSMART # 0568 220 COMMERCE BLVD FAIRLESS HILL19030 PA USA","PetSmart","Other","Purchase","57.72","Tijo Varughese"
05/25/2023,05/26/2023,"TR57ZFRDQ-1 AMZN AD 440 TERRY AVE N 866-216-1072 98109 WA USA","Amazon","Other","Purchase","1.99","Tijo Varughese"
05/25/2023,05/26/2023,"JEFF HLTH 215-955-1042833 CHESTNUT ST PHILADELPHIA 19107 PA USA","Jeff Hlth 215-955-1042","Medical","Purchase","177.46","Tijo Varughese"
05/24/2023,05/26/2023,"ORIGINAL VILLAGE PIZZA10006 SANDMEYER LN PHILADELPHIA 19116 PA USA","Original Village Pizza","Restaurants","Purchase","14.85","Tijo Varughese"
05/24/2023,05/25/2023,"PANDA EXPRESS #1913 1701 JFK BLVD. PHILADELPHIA 19103 PA USA","Panda Express","Restaurants","Purchase","17.71","Tijo Varughese"
05/23/2023,05/25/2023,"TOKYO SUSHI & CATERING1701 JOHN F KENNEDY BOUL PHILADELPHIA 19103 PA USA","Tokyo Sushi & Catering","Restaurants","Purchase","32.37","Tijo Varughese"
05/24/2023,05/25/2023,"SEPTA CALL CENTER-CARD1234 MARKET ST PHILADELPHIA 19107 PA USA","Septa Call Center-Card","Transportation","Purchase","25.00","Tijo Varughese"
05/24/2023,05/25/2023,"PAPA JOHNS 5126 170 E STREET RD FSTRVL TRVOSE19053 PA USA","Papa John's","Restaurants","Purchase","9.00","Tijo Varughese"
05/24/2023,05/25/2023,"PAPA JOHNS 5126 170 E STREET RD FSTRVL TRVOSE19053 PA USA","Papa John's","Restaurants","Purchase","13.77","Tijo Varughese"
05/23/2023,05/24/2023,"PAYLESS CLEANERS 15200 BUSTLETON AVE PHILADELPHIA 19116 PA USA","Payless Cleaners","Other","Purchase","126.61","Tijo Varughese"
05/23/2023,05/24/2023,"KYOTO SUSHI 17 BUSTLETON PIKE FEASTERVILLE 19053 PA USA","Kyoto Sushi","Restaurants","Purchase","41.18","Tijo Varughese"
05/22/2023,05/23/2023,"BELLS MARKET 1055 BUSTLETON PIKE FEASTERVILLE 19053 PA USA","Bells Market","Grocery","Purchase","80.40","Tijo Varughese"
05/22/2023,05/23/2023,"CVS/PHARMACY #02524 298 E STREET RD FSTRVL TRVOSE19053 PA USA","CVS Pharmacy","Other","Purchase","10.35","Tijo Varughese"
05/21/2023,05/22/2023,"GOOGLE*DOMAINS G.CO/HELPPAY# G.CO/HELPPAY#94043 CA USA","Google","Other","Purchase","6.36","Tijo Varughese"
05/21/2023,05/22/2023,"SOUTHAMPTON PIZZERIA 746 2 STREET PIKE SOUTHAMPTON 18966 PA USA","Southampton Pizzeria","Restaurants","Purchase","37.10","Tijo Varughese"
05/21/2023,05/22/2023,"BAHAMA BREEZE 00030395320 GODDARD BLVD KING OF PRUSS19406 PA USA","Bahama Breeze","Restaurants","Purchase","200.78","Tijo Varughese"
05/20/2023,05/21/2023,"KFC K071078 1865 EASTON RD WILLOW GROVE 19090 PA USA","KFC","Restaurants","Purchase","68.44","Tijo Varughese"
05/20/2023,05/21/2023,"PORTABELLA 2500 MORELAND ROAD WILLOW GROVE 19090 PA USA","Portabella","Shopping","Purchase","561.98","Tijo Varughese"
05/19/2023,05/21/2023,"CHICK-FIL-A #03463 45 W STREET ROAD WARMINSTER 18974 PA USA","Chick-fil-A","Restaurants","Purchase","19.27","Tijo Varughese"
05/20/2023,05/21/2023,"76 - MAPLE SHADE 76 3023 ROUTE 73 SOUTH MAPLESHADE 08052 NJ USA","76 - Maple Shade 76","Gas","Purchase","50.00","Tijo Varughese"
05/19/2023,05/20/2023,"TS OF FEASTERVILLE 1140 BUSTLETOWN PIKE FEASTERVILLE 19053 PA USA","TS of Feasterville","Other","Purchase","214.00","Tijo Varughese"
05/20/2023,05/20/2023,"TST* HAN DYNASTY - CHE404 NJ-70 CHERRY HILL 08034 NJ USA","Han Dynasty","Restaurants","Purchase","80.78","Tijo Varughese"
05/18/2023,05/20/2023,"DUNKIN' MOBILE AP 130 ROYALL STREET. CANTON 02021 MA USA","Dunkin'","Restaurants","Purchase","50.00","Tijo Varughese"
05/18/2023,05/19/2023,"CTC CAFE QPS1800 ARCH STREET PHILADELPHIA 19103 PA USA","CTC Cafe Qps","Restaurants","Purchase","3.24","Tijo Varughese"
05/17/2023,05/19/2023,"CHICK-FIL-A #01482 1700 RTE 228 PHILADELPHIA 19114 PA USA","Chick-fil-A","Restaurants","Purchase","63.75","Tijo Varughese"
05/17/2023,05/19/2023,"BEILERS DONUTS 51 N 12TH ST PHILADELPHIA 19107 PA USA","Beiler's Donuts","Restaurants","Purchase","3.50","Tijo Varughese"
05/17/2023,05/18/2023,"SEPTA CALL CENTER-CARD1234 MARKET ST PHILADELPHIA 19107 PA USA","Septa Call Center-Card","Transportation","Purchase","25.00","Tijo Varughese"
05/17/2023,05/18/2023,"CHATGPT SUBSCRIPTION 548 MARKET STREETPMB 97273 SAN FRANCISCO94104-5401CA USA","Chatgpt Subscription","Other","Purchase","21.20","Tijo Varughese"
05/16/2023,05/17/2023,"WAWA 8136 STREET RD AND BUSTLETON LOWER SOUTHAM19053 PA USA","Wawa","Gas","Purchase","40.00","Tijo Varughese"
05/31/2023,05/31/2023,"MONTHLY INSTALLMENTS (8 OF 24)","Monthly Installments (8 Of 24)","Installment","Installment","11.62","Tijo Varughese"
05/31/2023,05/31/2023,"MONTHLY INSTALLMENTS (9 OF 24)","Monthly Installments (9 Of 24)","Installment","Installment","22.04","Tijo Varughese"
05/31/2023,05/31/2023,"MONTHLY INSTALLMENTS (21 OF 24)","Monthly Installments (21 Of 24)","Installment","Installment","39.95","Tijo Varughese"
05/31/2023,05/31/2023,"MONTHLY INSTALLMENTS (9 OF 24)","Monthly Installments (9 Of 24)","Installment","Installment","3.29","Tijo Varughese"
05/31/2023,05/31/2023,"MONTHLY INSTALLMENTS (21 OF 24)","Monthly Installments (21 Of 24)","Installment","Installment","8.29","Tijo Varughese"
05/31/2023,05/31/2023,"MONTHLY INSTALLMENTS (9 OF 12)","Monthly Installments (9 Of 12)","Installment","Installment","4.91","Tijo Varughese"
05/31/2023,05/31/2023,"MONTHLY INSTALLMENTS (8 OF 24)","Monthly Installments (8 Of 24)","Installment","Installment","11.20","Tijo Varughese"
05/16/2023,05/17/2023,"CTC CAFE QPS1800 ARCH STREET PHILADELPHIA 19103 PA USA","CTC Cafe Qps","Restaurants","Purchase","15.66","Tijo Varughese"
05/15/2023,05/16/2023,"COMPASSION INTERNATION12290 VOYAGER PARKWAY COLORADO SPRI80921 CO USA","Compassion International","Other","Purchase","214.00","Tijo Varughese"
05/15/2023,05/16/2023,"CVS CAREPASS 1 CVS DR 800-7467287 02895 RI USA","CVS","Other","Purchase","5.00","Tijo Varughese"
05/14/2023,05/16/2023,"SHAKE SHACK - 1268A 500 WEST GERMANTOWN PIKE 646-747-7178 19462 PA USA","Shake Shack","Restaurants","Purchase","21.30","Tijo Varughese"
05/14/2023,05/15/2023,"POPEYES 13607 68 CULVER RD #150 MONMOUTH JUNC08852 NJ USA","Popeyes 13607","Restaurants","Purchase","96.77","Tijo Varughese"
05/14/2023,05/15/2023,"GOOGLE*DOMAINS G.CO/HELPPAY# G.CO/HELPPAY#94043 CA USA","Google","Other","Purchase","6.36","Tijo Varughese"
05/13/2023,05/14/2023,"GIANT 6541 176 W. STREET ROAD FEASTERVILLE 19053 PA USA","Giant 6541","Grocery","Purchase","42.98","Tijo Varughese"
05/13/2023,05/14/2023,"GIANT 6541 176 W. STREET ROAD FEASTERVILLE 19053 PA USA","Giant 6541","Grocery","Purchase","108.54","Tijo Varughese"
05/12/2023,05/13/2023,"MICHAELS STORES 5132 174 W STREET RD FEASTERVILLE 19053 PA USA","Michaels Stores 5132","Other","Purchase","35.45","Tijo Varughese"
05/12/2023,05/13/2023,"WAWA 8047 10901 BUSTLETON AVE. PHILADELPHIA 19115 PA USA","Wawa","Gas","Purchase","3.27","Tijo Varughese"
05/12/2023,05/13/2023,"WAWA 8047 10901 BUSTLETON AVE. PHILADELPHIA 19115 PA USA","Wawa","Gas","Purchase","53.87","Tijo Varughese"
05/13/2023,05/13/2023,"FRIENDLYS 6 RED GRAVEL CIRCLE SICKLERVILLE 08081 NJ USA","Friendly's","Restaurants","Purchase","42.56","Tijo Varughese"
05/12/2023,05/13/2023,"HULU 877-8244858 CA 2500 BROADWAY SANTA MONICA 90404 CA USA","Hulu","Utilities","Purchase","8.47","Tijo Varughese"
05/12/2023,05/13/2023,"GIANT 6541 176 W. STREET ROAD FEASTERVILLE 19053 PA USA","Giant 6541","Grocery","Purchase","137.37","Tijo Varughese"
05/10/2023,05/12/2023,"THE HOME DEPOT #6866 11711 BRUSTLETON AVE PHILADELPHIA 191160000 PA USA","Home Depot","Other","Purchase","15.86","Tijo Varughese"
05/11/2023,05/12/2023,"UBER *EATS HELP.UBER.C555 MARKET STREET UBER TECHNOLOGIES INC. SAN FRANCISCO94105 CA USA","Uber Eats","Restaurants","Purchase","37.83","Tijo Varughese"
05/10/2023,05/11/2023,"CHICK-FIL-A #03463 45 W STREET ROAD WARMINSTER 18974 PA USA","Chick-fil-A","Restaurants","Purchase","33.06","Tijo Varughese"
05/09/2023,05/10/2023,"PARTY CITY 1180 924 W STREET RD WARMINSTER 18974 PA USA","Party City","Other","Purchase","100.00","Tijo Varughese"
05/09/2023,05/10/2023,"FEENEY'S 1134 BUSTLETON PIKE FEASTERVILLE 19053 PA USA","Feeney's","Other","Purchase","176.27","Tijo Varughese"
05/09/2023,05/10/2023,"CAPITAL MEDICAL GROUP 750 BRUNSWICK AVE TRENTON 08638 NJ USA","Capital Medical Group","Medical","Purchase","23.91","Tijo Varughese"
05/09/2023,05/10/2023,"CAPITAL MEDICAL GROUP 750 BRUNSWICK AVE TRENTON 08638 NJ USA","Capital Medical Group","Medical","Purchase","23.91","Tijo Varughese"
05/08/2023,05/09/2023,"CVS/PHARMACY #02524 298 E STREET RD FSTRVL TRVOSE19053 PA USA","CVS Pharmacy","Other","Purchase","44.50","Tijo Varughese"
05/08/2023,05/09/2023,"CVS/PHARMACY #02524 298 E STREET RD FSTRVL TRVOSE19053 PA USA","CVS Pharmacy","Other","Purchase","59.50","Tijo Varughese"
05/08/2023,05/09/2023,"GIANT 6541 176 W. STREET ROAD FEASTERVILLE 19053 PA USA","Giant 6541","Grocery","Purchase","3.96","Tijo Varughese"
05/06/2023,05/08/2023,"DUNKIN' MOBILE AP 130 ROYALL STREET. CANTON 02021 MA USA","Dunkin'","Restaurants","Purchase","50.00","Tijo Varughese"
05/06/2023,05/07/2023,"TACO BELL 036719 265 E STREET RD FEASTERVILLE 19053 PA USA","Taco Bell","Restaurants","Purchase","32.68","Tijo Varughese"
05/06/2023,05/07/2023,"OPENAI 548 MARKET STREETPMB 97273 SAN FRANCISCO94104-5401CA USA","Openai","Other","Purchase","16.59","Tijo Varughese"
05/06/2023,05/07/2023,"OPENAI 548 MARKET STREETPMB 97273 SAN FRANCISCO94104-5401CA USA","Openai","Other","Purchase","127.80","Tijo Varughese"
05/04/2023,05/06/2023,"GOOGLE*DOMAINS G.CO/HELPPAY# G.CO/HELPPAY#94043 CA USA","Google","Other","Purchase","25.44","Tijo Varughese"
05/04/2023,05/06/2023,"CHICK-FIL-A #03463 45 W STREET ROAD WARMINSTER 18974 PA USA","Chick-fil-A","Restaurants","Purchase","9.74","Tijo Varughese"
05/04/2023,05/06/2023,"ORIGINAL VILLAGE PIZZA10006 SANDMEYER LN PHILADELPHIA 19116 PA USA","Original Village Pizza","Restaurants","Purchase","82.84","Tijo Varughese"
05/04/2023,05/05/2023,"WAWA 8047 10901 BUSTLETON AVE. PHILADELPHIA 19115 PA USA","Wawa","Gas","Purchase","58.48","Tijo Varughese"
05/04/2023,05/05/2023,"TONAL SYSTEMS, INC 617 BRYANT ST SAN FRANCISCO94107 CA USA","Tonal Systems, Inc","Other","Purchase","51.94","Tijo Varughese"
05/04/2023,05/04/2023,"KFC K071079 8140 OGONTZ AVE WYNCOTE 19095 PA USA","KFC","Restaurants","Purchase","37.08","Tijo Varughese"
05/03/2023,05/04/2023,"PANDA EXPRESS #1913 1701 JFK BLVD. PHILADELPHIA 19103 PA USA","Panda Express","Restaurants","Purchase","17.71","Tijo Varughese"
05/03/2023,05/04/2023,"SEPTA CALL CENTER-CARD1234 MARKET ST PHILADELPHIA 19107 PA USA","Septa Call Center-Card","Transportation","Purchase","25.00","Tijo Varughese"
05/03/2023,05/04/2023,"TARGET 000252702450 SHOPPERS LN PHILADELPHIA 19150 PA USA","Target","Grocery","Purchase","142.11","Tijo Varughese"
05/02/2023,05/04/2023,"FOUR SEASONS VERNICK 1 NORTH 19TH STREET PHILADELPHIA 19103 PA USA","Four Seasons Vernick","Restaurants","Purchase","3.89","Tijo Varughese"
05/02/2023,05/03/2023,"BJS WHOLESALE #0022 2054 RED LION RD PHILADELPHIA 19115 PA USA","BJ's Wholesale Club","Other","Purchase","149.02","Tijo Varughese"
05/01/2023,05/03/2023,"GIANT 6541 176 W. STREET ROAD FEASTERVILLE 19053 PA USA","Giant 6541","Grocery","Purchase","12.47","Tijo Varughese"
04/30/2023,05/03/2023,"WENDY'S 2644 1013 W RIDGE PIKE CONSHOHOCKEN 19428 PA USA","Wendy's","Restaurants","Purchase","28.68","Tijo Varughese"
05/01/2023,05/03/2023,"COMPASSION INTERNATION12290 VOYAGER PARKWAY COLORADO SPRI80921 CO USA","Compassion International","Other","Purchase","66.00","Tijo Varughese"
05/01/2023,05/03/2023,"MIDJOURNEY INC. 611 GATEWAY BLVDSUITE 120 SOUTH SAN FRA94080 CA USA","Midjourney Inc.","Other","Purchase","10.60","Tijo Varughese"
05/01/2023,05/03/2023,"GOOGLE ADS2371403991 1600 AMPHITHEATRE PARKWAY MOUNTAIN VIEW94043 CA USA","Google","Other","Purchase","30.00","Tijo Varughese"
04/30/2023,05/02/2023,"GIANT 6541 176 W. STREET ROAD FEASTERVILLE 19053 PA USA","Giant 6541","Grocery","Purchase","203.29","Tijo Varughese"