Transaction Date,Clearing Date,Description,Merchant,Category,Type,Amount (USD),Purchased By
02/28/2023,02/28/2023,"TS OF FEASTERVILLE 1140 BUSTLETOWN PIKE 2143557274 19053 PA USA","TS of Feasterville","Other","Purchase","214.00","Tijo Varughese"
02/27/2023,02/28/2023,"WAWA 8136 STREET RD AND BUSTLETON 6103588000 19053 PA USA","Wawa","Gas","Purchase","22.47","Tijo Varughese"
02/26/2023,02/28/2023,"EL BARRIO CANTINA 1470 BUCK RD SOUTHAMPTON 18966 PA USA","El Barrio Cantina & Tequila Bar","Restaurants","Purchase","101.92","Tijo Varughese"
02/26/2023,02/27/2023,"GIANT 6541 176 W. STREET ROAD FEASTERVILLE 19053 PA USA","Giant 6541","Grocery","Purchase","165.37","Tijo Varughese"
02/25/2023,02/27/2023,"OSAKA 504 504 SECOND STREET PIKE SOUTHAMPTON 189660000 PA USA","Osaka 504","Restaurants","Purchase","62.04","Tijo Varughese"
02/24/2023,02/26/2023,"DUNKIN' MOBILE AP 130 ROYALL STREET. 8004470013 02021 MA USA","Dunkin'","Restaurants","Purchase","50.00","Tijo Varughese"
02/25/2023,02/26/2023,"APPLE.COM/BILL ONE APPLE PARK WAY 866-712-7753 95014 CA USA","Apple Services","Other","Purchase","0.99","Tijo Varughese"
02/25/2023,02/26/2023,"LA VOGLIA ITALIAN REST216 W STREET RD WARMINSTER 18974 PA USA","La Voglia Italian Rest","Restaurants","Purchase","106.92","Tijo Varughese"
02/25/2023,02/25/2023,"ACH DEPOSIT INTERNET TRANSFER FROM ACCOUNT ENDING IN 4772","Ach Deposit Internet Transfer From Account Ending In 4772","Payment","Payment","-6595.13","Tijo Varughese"
02/24/2023,02/25/2023,"PETCO 3849 63538490389 A EASTON ROAD WARRINGTON 18976 PA USA","Petco 3849 63538490","Other","Purchase","100.69","Tijo Varughese"
02/24/2023,02/25/2023,"PETCO 3849 63538490389 A EASTON ROAD WARRINGTON 18976 PA USA","Petco 3849 63538490","Other","Purchase","32.84","Tijo Varughese"
02/23/2023,02/24/2023,"CTC CAFE QPS1800 ARCH STREET PHILADELPHIA 19103 PA USA","CTC Cafe Qps","Restaurants","Purchase","3.24","Tijo Varughese"
02/23/2023,02/24/2023,"WAWA 8136 STREET RD AND BUSTLETON 6103588000 19053 PA USA","Wawa","Gas","Purchase","20.96","Tijo Varughese"
02/23/2023,02/24/2023,"WALMART.COM 702 SW 8TH STREET MS100 8009666546 72716 AR USA","Walmart","Other","Purchase","54.03","Tijo Varughese"
02/22/2023,02/23/2023,"CVS/PHARMACY #02524 298 E STREET RD FSTRVL TRVOSE19053 PA USA","CVS Pharmacy","Other","Purchase","34.97","Tijo Varughese"
02/22/2023,02/23/2023,"CVS/PHARMACY #02524 298 E STREET RD FSTRVL TRVOSE19053 PA USA","CVS Pharmacy","Other","Purchase","26.53","Tijo Varughese"
02/22/2023,02/23/2023,"CVS/PHARMACY #02524 298 E STREET RD FSTRVL TRVOSE19053 PA USA","CVS Pharmacy","Other","Purchase","43.23","Tijo Varughese"
02/22/2023,02/23/2023,"WAWA 8136 STREET RD AND BUSTLETON LOWER SOUTHAM19053 PA USA","Wawa","Gas","Purchase","54.51","Tijo Varughese"
02/22/2023,02/23/2023,"GOOGLE*DOMAINS G.CO/HELPPAY# INTERNET 94043 CA USA","Google","Other","Purchase","6.36","Tijo Varughese"
02/21/2023,02/22/2023,"CTC COFFEE BAR CAFEQPS1800 ARCH STREET PHILADELPHIA 19103 PA USA","CTC Coffee Bar Cafeqps","Restaurants","Purchase","6.10","Tijo Varughese"
02/21/2023,02/22/2023,"BURGER KING #421 Q071035 BUSTLETON PIKE FEASTERVILLE 19053 PA USA","Burger King","Restaurants","Purchase","23.99","Tijo Varughese"
02/20/2023,02/21/2023,"CVS/PHARMACY #02524 298 E STREET RD 800-746-7287 19053 PA USA","CVS Pharmacy","Other","Purchase","4.10","Tijo Varughese"
02/19/2023,02/20/2023,"BIG SAMS PIZZA - TREVO1317 BRIDGETOWN PIKE TREVOSE 19053 PA USA","Big Sams Pizza - Trevo","Restaurants","Purchase","27.21","Tijo Varughese"
02/19/2023,02/20/2023,"REDSTONE 512 W GERMANTOWN PIKE PLYMOUTH MTG 194620000 PA USA","Redstone","Restaurants","Purchase","80.00","Tijo Varughese"
02/18/2023,02/19/2023,"LABCORP PSCC 2 231 MAPLE AVE 800-845-6167 27215 NC USA","LabCorp","Medical","Purchase","66.54","Tijo Varughese"
02/18/2023,02/19/2023,"LABCORP PSCC 2 231 MAPLE AVE 800-845-6167 27215 NC USA","LabCorp","Medical","Purchase","7.04","Tijo Varughese"
02/19/2023,02/19/2023,"TST* HAN DYNASTY - CHE404 NJ-70 CHERRY HILL 08034 NJ USA","Han Dynasty","Restaurants","Purchase","94.27","Tijo Varughese"
02/19/2023,02/19/2023,"TST* HAN DYNASTY - CHE404 NJ-70 CHERRY HILL 08034 NJ USA","Han Dynasty","Restaurants","Purchase","49.68","Tijo Varughese"
02/19/2023,02/19/2023,"TIGER SUGAR 404 MARLTON PIKE EAST CHERRY HILL 08034 NJ USA","Tiger Sugar","Restaurants","Purchase","29.57","Tijo Varughese"
02/17/2023,02/19/2023,"DUNKIN' MOBILE AP 130 ROYALL STREET. 8004470013 02021 MA USA","Dunkin'","Restaurants","Purchase","50.00","Tijo Varughese"
02/18/2023,02/18/2023,"BERTUCCI'S - HUNTINGDO2190 COUNTY LINE ROAD, T HUNTINGDON VA19006 PA USA","Bertucci's","Restaurants","Purchase","75.36","Tijo Varughese"
02/16/2023,02/17/2023,"CMSVEND*CV PHOENIXVILL200 THOMS DR PHOENIXVILLE 19460 PA USA","Vending Machine","Restaurants","Purchase","0.85","Tijo Varughese"
02/16/2023,02/17/2023,"IDENTITY PROTECTION SV40 SPEEN STREET 877-6943367 01701 MA USA","Identity","Other","Purchase","239.50","Tijo Varughese"
02/15/2023,02/16/2023,"CVS CAREPASS 1 CVS DR 833-320-2273 02895 RI USA","CVS","Other","Purchase","5.00","Tijo Varughese"
02/14/2023,02/16/2023,"TOKYO SUSHI & CATERING1701 JOHN F KENNEDY BOUL PHILADELPHIA 19103 PA USA","Tokyo Sushi & Catering","Restaurants","Purchase","22.64","Tijo Varughese"
02/14/2023,02/15/2023,"CVS/PHARMACY #00740 10901C BUSTLETON AVE PHILADELPHIA 19116 PA USA","CVS Pharmacy","Other","Purchase","44.91","Tijo Varughese"
02/14/2023,02/15/2023,"WAWA 8047 10901 BUSTLETON AVE. PHILADELPHIA 19115 PA USA","Wawa","Gas","Purchase","48.77","Tijo Varughese"
02/14/2023,02/15/2023,"KYOTO SUSHI 17 BUSTLETON PIKE FEASTERVILLE 19053 PA USA","Kyoto Sushi","Restaurants","Purchase","50.99","Tijo Varughese"
02/14/2023,02/15/2023,"GOOGLE*DOMAINS G.CO/HELPPAY# INTERNET 94043 CA USA","Google","Other","Purchase","6.36","Tijo Varughese"
02/12/2023,02/14/2023,"APPLE.COM/BILL ONE APPLE PARK WAY 866-712-7753 95014 CA USA","Apple Services","Other","Purchase","7.55","Tijo Varughese"
02/12/2023,02/14/2023,"NEW VILLAGE PIZZA & GR410 JACKSONVILLE RD WARMINSTER 18974 PA USA","New Village Pizza & Gr","Restaurants","Purchase","42.56","Tijo Varughese"
02/12/2023,02/13/2023,"APPLE.COM/BILL ONE APPLE PARK WAY 866-712-7753 95014 CA USA","Apple Services","Other","Purchase","9.99","Tijo Varughese"
02/12/2023,02/13/2023,"CHIPOTLE 1023 500 W GERMANTOWN PIKE PLYMOUTH MEET19462 PA USA","Chipotle Mexican Grill","Restaurants","Purchase","30.32","Tijo Varughese"
02/12/2023,02/13/2023,"HLU*HULU ***************** BROADWAY HULU.COM/BILL***** CA USA","Hulu","Utilities","Purchase","8.47","Tijo Varughese"
02/11/2023,02/13/2023,"TST* TCB - S - 3901 VE3901 VETERANS HWY LEVITTOWN 19056 PA USA","TCB S 3901 Ve","Restaurants","Purchase","74.14","Tijo Varughese"
02/11/2023,02/13/2023,"TARGET 00011833800 ROCKHILL DR BENSALEM 19020 PA USA","Target","Grocery","Purchase","163.27","Tijo Varughese"
02/12/2023,02/13/2023,"MCDONALD'S F583 9970 BUSTLETON PHILADELPHIA 19115 PA USA","McDonald's","Restaurants","Purchase","28.24","Tijo Varughese"
02/12/2023,02/13/2023,"BJS WHOLESALE #0022 2054 RED LION RD PHILADELPHIA 19115 PA USA","BJ's Wholesale Club","Other","Purchase","322.89","Tijo Varughese"
02/11/2023,02/11/2023,"FRIENDLY S ICE CREAM #2369 STREET RD BENSALEM 19020 PA USA","Friendly's","Restaurants","Purchase","93.37","Tijo Varughese"
02/09/2023,02/11/2023,"BURGER KING #421 Q071035 BUSTLETON PIKE FEASTERVILLE 19053 PA USA","Burger King","Restaurants","Purchase","19.77","Tijo Varughese"
02/28/2023,02/28/2023,"MONTHLY INSTALLMENTS (5 OF 24)","Monthly Installments (5 Of 24)","Installment","Installment","11.62","Tijo Varughese"
02/28/2023,02/28/2023,"MONTHLY INSTALLMENTS (6 OF 24)","Monthly Installments (6 Of 24)","Installment","Installment","22.04","Tijo Varughese"
02/28/2023,02/28/2023,"MONTHLY INSTALLMENTS (18 OF 24)","Monthly Installments (18 Of 24)","Installment","Installment","39.95","Tijo Varughese"
02/28/2023,02/28/2023,"MONTHLY INSTALLMENTS (6 OF 24)","Monthly Installments (6 Of 24)","Installment","Installment","3.29","Tijo Varughese"
02/28/2023,02/28/2023,"MONTHLY INSTALLMENTS (18 OF 24)","Monthly Installments (18 Of 24)","Installment","Installment","8.29","Tijo Varughese"
02/28/2023,02/28/2023,"MONTHLY INSTALLMENTS (6 OF 12)","Monthly Installments (6 Of 12)","Installment","Installment","4.91","Tijo Varughese"
02/28/2023,02/28/2023,"MONTHLY INSTALLMENTS (5 OF 24)","Monthly Installments (5 Of 24)","Installment","Installment","11.20","Tijo Varughese"
02/09/2023,02/11/2023,"SUNOCO 0363951507 QPS10000 VERREE RD PHILADELPHIA 19116 PA USA","Sunoco","Gas","Purchase","56.06","Tijo Varughese"
02/09/2023,02/10/2023,"CTC COFFEE BAR CAFEQPS1800 ARCH STREET PHILADELPHIA 19103 PA USA","CTC Coffee Bar Cafeqps","Restaurants","Purchase","5.62","Tijo Varughese"
02/09/2023,02/10/2023,"SEPTA WEB-CARD 1234 MARKET ST 2155618231 19107 PA USA","Septa Web-Card","Transportation","Purchase","50.00","Tijo Varughese"
02/08/2023,02/09/2023,"CVS/PHARMACY #02524 298 E STREET RD FSTRVL TRVOSE19053 PA USA","CVS Pharmacy","Other","Purchase","239.98","Tijo Varughese"
02/07/2023,02/09/2023,"NJ EZPASS 375 MCCARTER HIGHWAY 8882886865 07114 NJ USA","E-ZPass","Tolls","Purchase","8.00","Tijo Varughese"
02/07/2023,02/08/2023,"TST* TERMINI BROTHERS 1701 JOHN F KENNEDY BLVD, PHILADELPHIA, PHILADELPHIA 19148 PA USA","Termini Brothers Bakery","Restaurants","Purchase","62.00","Tijo Varughese"
02/05/2023,02/07/2023,"WENDY'S 2644 1013 W RIDGE PIKE CONSHOHOCKEN 19428 PA USA","Wendy's","Restaurants","Purchase","35.97","Tijo Varughese"
02/05/2023,02/07/2023,"ACME 3739 105 EAST STREET ROAD FEASTERVILLE 19053 PA USA","Acme 3739","Grocery","Purchase","319.20","Tijo Varughese"
02/04/2023,02/06/2023,"OSAKA JAPANESE CHINES 504 2ND STREET PIKE SOUTHAMPTON 18966 PA USA","Osaka Japanese & Chinese Restaurant","Restaurants","Purchase","82.30","Tijo Varughese"
02/04/2023,02/05/2023,"GOOGLE*DOMAINS G.CO/HELPPAY# INTERNET 94043 CA USA","Google","Other","Purchase","25.44","Tijo Varughese"
02/04/2023,02/05/2023,"TONAL SYSTEMS, INC 617 BRYANT ST SAN FRANCISCO94107 CA USA","Tonal Systems, Inc","Other","Purchase","49.00","Tijo Varughese"
02/03/2023,02/04/2023,"MED*TOWER HEALTH URGENPO BOX 16053 ATTN ACCOUNTS PAYABLE READING 19612 PA USA","Med*Tower Health Urgen","Medical","Purchase","20.00","Tijo Varughese"
02/03/2023,02/04/2023,"WAWA 8047 10901 BUSTLETON AVE. PHILADELPHIA 19115 PA USA","Wawa","Gas","Purchase","39.76","Tijo Varughese"
02/02/2023,02/03/2023,"TST* TERMINI BROTHERS 1701 JOHN F KENNEDY BLVD, PHILADELPHIA, PHILADELPHIA 19148 PA USA","Termini Brothers Bakery","Restaurants","Purchase","24.00","Tijo Varughese"
02/02/2023,02/03/2023,"DUNKIN #343685 1700 JFK BLV SUBURBN STA PHILADELPHIA 19103 PA USA","Dunkin'","Restaurants","Purchase","3.12","Tijo Varughese"
02/02/2023,02/03/2023,"CTC CAFE QPS1800 ARCH STREET PHILADELPHIA 19103 PA USA","CTC Cafe Qps","Restaurants","Purchase","15.12","Tijo Varughese"
02/02/2023,02/03/2023,"5GUYS 1146 ECOMM 125 E STREET RD 215-354-9055 19053 PA USA","5guys 1146 Ecomm","Grocery","Purchase","28.25","Tijo Varughese"
02/01/2023,02/03/2023,"DUNKIN #359584 2500 W MORELAND RD, K03 WILLOW GROVE 19090 PA USA","Dunkin'","Restaurants","Purchase","5.28","Tijo Varughese"
02/01/2023,02/03/2023,"GOOGLE ADS2371403991 1600 AMPHITHEATRE PARKWAY MOUNTAIN VIEW94043 CA USA","Google","Other","Purchase","50.08","Tijo Varughese"
02/01/2023,02/03/2023,"COMPASSION INTERNATION12290 VOYAGER PARKWAY 8003367676 80921 CO USA","Compassion International","Other","Purchase","28.00","Tijo Varughese"
01/31/2023,02/02/2023,"WAWA 8136 STREET RD AND BUSTLETON LOWER SOUTHAM19053 PA USA","Wawa","Gas","Purchase","61.86","Tijo Varughese"