Transaction Date,Clearing Date,Description,Merchant,Category,Type,Amount (USD),Purchased By
12/30/2023,12/31/2023,"CVS/PHARMACY #02524 298 E STREET RD FSTRVL TRVOSE19053 PA USA","CVS Pharmacy","Other","Purchase","32.59","Tijo Varughese"
12/30/2023,12/31/2023,"AFC UC WM 930 STREET ROAD WARMINSTER 18974 PA USA","AFC Uc Wm","Medical","Purchase","40.00","Tijo Varughese"
12/31/2023,12/31/2023,"ANDALE LATINO GRILL 144 E STREET RD FSTRVL TRVOSE19053 PA USA","Andale Latino Grill","Restaurants","Purchase","84.01","Tijo Varughese"
12/29/2023,12/30/2023,"GIANT 6541 176 W. STREET ROAD FEASTERVILLE 19053 PA USA","Giant 6541","Grocery","Purchase","117.20","Tijo Varughese"
12/28/2023,12/30/2023,"DD DOORDASH ELPATRNME 303 2ND STREET 8559731040 94107 CA USA","DD Doordash Elpatrnme","Restaurants","Purchase","33.25","Tijo Varughese"
12/27/2023,12/29/2023,"CHICK-FIL-A #1686 3621 HORIZON BOULEVARD BENSALEM 19020 PA USA","Chick-Fil-A","Restaurants","Purchase","35.63","Tijo Varughese"
12/27/2023,12/29/2023,"CLAIRE'S #5349 2500 W MORELAND RD STE 1116 SPC#1116 WILLOW GROVE 19090 PA USA","Claires","Shopping","Purchase","18.53","Tijo Varughese"
12/27/2023,12/28/2023,"KFC K071078 1865 EASTON RD WILLOW GROVE 19090 PA USA","KFC","Restaurants","Purchase","55.49","Tijo Varughese"
12/27/2023,12/28/2023,"PA DOH BHSR 555 WALNUT ST 6TH FL. 717-783-2548 17101 PA USA","Pa Doh Bhsr","Govt-services-parking","Purchase","60.00","Tijo Varughese"
12/27/2023,12/27/2023,"DAILY CASH ADJUSTMENT","Daily Cash Adjustment","Debit","Debit","119.97","Tijo Varughese"
12/27/2023,12/27/2023,"DAILY CASH ADJUSTMENT","Daily Cash Adjustment","Debit","Debit","7.20","Tijo Varughese"
12/27/2023,12/27/2023,"APPLE ONLINE STORE CUPERTINO CA (RETURN)","Apple Online Store Cupertino Ca (return)","Credit","Credit","-239.94","Tijo Varughese"
12/26/2023,12/27/2023,"OSAKA JAPANESE AND CHI504 2ND STREET PIKE SOUTHAMPTON 18966-3805PA USA","Osaka Japanese and Chi","Restaurants","Purchase","94.02","Tijo Varughese"
12/26/2023,12/27/2023,"METRO DINER BENSALEM 3630 STREET RD BENSALEM 19020 PA USA","Metro Diner","Restaurants","Purchase","40.00","Tijo Varughese"
12/26/2023,12/27/2023,"TESLA INC SUPERCHARGER3500 DEER CREEK ROAD TESLA.COM 94304 CA USA","Tesla Store","Other","Purchase","18.60","Tijo Varughese"
12/26/2023,12/27/2023,"TESLA 3500 DEER CREEK 8885183752 94304 CA USA","Tesla Store","Other","Purchase","100.00","Tijo Varughese"
12/24/2023,12/26/2023,"WENDY'S 2644 1013 W RIDGE PIKE CONSHOHOCKEN 19428 PA USA","Wendy's","Restaurants","Purchase","25.40","Tijo Varughese"
12/24/2023,12/25/2023,"GOOGLE*ADS5519016591 CC GOOGLE.COM CC GOOGLE.COM94043 CA USA","Google","Other","Purchase","10.00","Tijo Varughese"
12/24/2023,12/25/2023,"PHO PALACE 15501 BUSTLETON AVE PHILADELPHIA 19116 PA USA","Pho Palace","Restaurants","Purchase","23.17","Tijo Varughese"
12/24/2023,12/25/2023,"PIZZA HUT 037138 421 W STREET RD WARMINSTER 18974 PA USA","Pizza Hut","Restaurants","Purchase","36.42","Tijo Varughese"
12/23/2023,12/24/2023,"SHOPRITE WARMINSTER S1942 W ST RD WARMINSTER 18974 PA USA","ShopRite","Grocery","Purchase","259.43","Tijo Varughese"
12/23/2023,12/24/2023,"LONGHORN STEAK 0125160100 ROCKHILL DRIVE BENSALEM 19020 PA USA","LongHorn Steakhouse","Restaurants","Purchase","110.27","Tijo Varughese"
12/23/2023,12/24/2023,"THE HOME DEPOT #4134 900 ROCK HILL DR BENSALEM 190200000 PA USA","Home Depot","Other","Purchase","12.60","Tijo Varughese"
12/21/2023,12/22/2023,"WAWA 8072 3620 STREET RD BENSALEM 19020 PA USA","Wawa","Gas","Purchase","2.64","Tijo Varughese"
12/21/2023,12/22/2023,"METRO DINER 3630 STREET ROADSUITE 100 BENSALEM 19020 PA USA","Metro Diner","Restaurants","Purchase","21.76","Tijo Varughese"
12/21/2023,12/22/2023,"TESLA INC SUPERCHARGER3500 DEER CREEK ROAD TESLA.COM 94304 CA USA","Tesla Store","Other","Purchase","18.60","Tijo Varughese"
12/21/2023,12/22/2023,"APPLE.COM/BILL ONE APPLE PARK CUPERTINO 95014 CA USA","Apple Services","Other","Purchase","14.09","Tijo Varughese"
12/20/2023,12/22/2023,"FOUR SEASONS VERNICK 1 NORTH 19TH STREET PHILADELPHIA 19103 PA USA","Four Seasons Vernick","Restaurants","Purchase","11.66","Tijo Varughese"
12/20/2023,12/21/2023,"CTC CAFE QPS1800 ARCH STREET PHILADELPHIA 19103 PA USA","CTC Cafe Qps","Restaurants","Purchase","22.09","Tijo Varughese"
12/19/2023,12/21/2023,"ARBYS 0147 245 E STREET RD FEASTERVILLE 19053 PA USA","Arby's","Restaurants","Purchase","32.28","Tijo Varughese"
12/19/2023,12/21/2023,"DUNKIN' MOBILE AP 130 ROYALL STREET. CANTON 02021 MA USA","Dunkin' Mobile AP","Restaurants","Purchase","50.00","Tijo Varughese"
12/19/2023,12/20/2023,"CVS/PHARMACY #02524 298 E STREET RD FSTRVL TRVOSE19053 PA USA","CVS Pharmacy","Other","Purchase","14.67","Tijo Varughese"
12/19/2023,12/20/2023,"NINJA JAPANESE RESTAUR14100 BUSLETON AVE PHILADELPHIA 19116 PA USA","Ninja Japanese Restaur","Restaurants","Purchase","58.10","Tijo Varughese"
12/18/2023,12/20/2023,"DD DOORDASH TREVSPHIL 303 2ND STREET 8559731040 94107 CA USA","DD Doordash Trevsphil","Restaurants","Purchase","28.15","Tijo Varughese"
12/19/2023,12/19/2023,"CVS/PHARMACY #00740 10901C BUSTLETON AVE PHILADELPHIA 19116 PA USA","CVS Pharmacy","Other","Purchase","22.28","Tijo Varughese"
12/18/2023,12/19/2023,"DD DOORDASH OWOWCOWCR 303 2ND STREET 8559731040 94107 CA USA","DD Doordash Owowcowcr","Restaurants","Purchase","41.60","Tijo Varughese"
12/17/2023,12/18/2023,"SHOPRITE WARMINSTER S1942 W ST RD WARMINSTER 18974 PA USA","ShopRite","Grocery","Purchase","66.20","Tijo Varughese"
12/17/2023,12/18/2023,"INVIDEO INC 16192 COASTAL HIGHWAY, LEWES COUNTRY OF SU19958 DE USA","Invideo Inc","Other","Purchase","60.00","Tijo Varughese"
12/17/2023,12/18/2023,"CHATGPT SUBSCRIPTION 548 MARKET STREETPMB 97273 SAN FRANCISCO94104-5401CA USA","Chatgpt Subscription","Other","Purchase","21.20","Tijo Varughese"
12/17/2023,12/18/2023,"TESLA INC SUPERCHARGER3500 DEER CREEK ROAD TESLA.COM 94304 CA USA","Tesla Store","Other","Purchase","16.74","Tijo Varughese"
12/16/2023,12/17/2023,"MCDONALD'S F1674 334 E. STREET ROAD FEASTERVILLE 19053 PA USA","McDonald's","Restaurants","Purchase","24.51","Tijo Varughese"
12/16/2023,12/17/2023,"UNO'S CHICAGO GRILL 19801 NESHAMINY MALL BENSALEM 19020 PA USA","Uno Chicago Grill","Restaurants","Purchase","38.96","Tijo Varughese"
12/15/2023,12/17/2023,"MOCHIATSU 270 E STREET RD FEASTERVILLE 190530000 PA USA","Mochiatsu","Restaurants","Purchase","29.62","Tijo Varughese"
12/16/2023,12/17/2023,"TESLA 3500 DEER CREEK 8885183752 94304 CA USA","Tesla Store","Other","Purchase","243.80","Tijo Varughese"
12/16/2023,12/17/2023,"DON MEZCAL MEXICAN RES551 E STREET RD FEASTERVILLE 19053 PA USA","Don Mezcal Mexican Res","Restaurants","Purchase","105.00","Tijo Varughese"
12/15/2023,12/16/2023,"GOOGLE*DOMAINS G.CO/HELPPAY# G.CO/HELPPAY#94043 CA USA","Google","Other","Purchase","7.63","Tijo Varughese"
12/15/2023,12/16/2023,"CVS CAREPASS 1 CVS DR 800-7467287 02895 RI USA","CVS","Other","Purchase","5.00","Tijo Varughese"
12/15/2023,12/16/2023,"WWW.AVCLABS.COM 15 SCOTTS ROAD #03-1215 SCOTTS SINGAPORE SINGAPORE 228218 SGP","www.avclabs.com","Other","Purchase","199.90","Tijo Varughese"
12/15/2023,12/16/2023,"COMPASSION INTERNATION12290 VOYAGER PARKWAY COLORADO SPRI80921 CO USA","Compassion International","Other","Purchase","114.00","Tijo Varughese"
12/31/2023,12/31/2023,"MONTHLY INSTALLMENTS (15 OF 24)","Monthly Installments (15 Of 24)","Installment","Installment","11.62","Tijo Varughese"
12/31/2023,12/31/2023,"MONTHLY INSTALLMENTS (16 OF 24)","Monthly Installments (16 Of 24)","Installment","Installment","22.04","Tijo Varughese"
12/31/2023,12/31/2023,"MONTHLY INSTALLMENTS (16 OF 24)","Monthly Installments (16 Of 24)","Installment","Installment","3.29","Tijo Varughese"
12/31/2023,12/31/2023,"MONTHLY INSTALLMENTS (15 OF 24)","Monthly Installments (15 Of 24)","Installment","Installment","11.20","Tijo Varughese"
12/15/2023,12/15/2023,"APPLE ONLINE STORE CUPERTINO CA","Apple Online Store Cupertino Ca","Other","Other","249.48","Tijo Varughese"
12/14/2023,12/15/2023,"OSAKA JAPANESE AND CHI504 2ND STREET PIKE SOUTHAMPTON 18966-3805PA USA","Osaka Japanese and Chi","Restaurants","Purchase","35.36","Tijo Varughese"
12/14/2023,12/15/2023,"GOOGLE*DOMAINS G.CO/HELPPAY# G.CO/HELPPAY#94043 CA USA","Google","Other","Purchase","6.36","Tijo Varughese"
12/14/2023,12/15/2023,"GOOGLE*ADS2371403991 CC GOOGLE.COM CC GOOGLE.COM94043 CA USA","Google","Other","Purchase","3.53","Tijo Varughese"
12/03/2023,12/15/2023,"DYSON DIRECT INC 1330 WEST FULTON STREET, 5TH FLOOR CHICAGO 60607 IL USA","Dyson Direct Inc","Other","Purchase","529.99","Tijo Varughese"
12/13/2023,12/15/2023,"BURGER KING #421 Q071035 BUSTLETON PIKE FEASTERVILLE 19053 PA USA","Burger King","Restaurants","Purchase","12.89","Tijo Varughese"
12/13/2023,12/14/2023,"DUNKIN #343685 1700 JFK BLV SUBURBN STA PHILADELPHIA 19103 PA USA","Dunkin'","Restaurants","Purchase","5.93","Tijo Varughese"
12/13/2023,12/14/2023,"SEPTA CALL CENTER-CARD1234 MARKET ST PHILADELPHIA 19107 PA USA","Septa Call Center-Card","Transportation","Purchase","25.00","Tijo Varughese"
12/13/2023,12/14/2023,"SQ *HALAH FOOD 40 SOUTH 17TH STREET PHILADELPHIA 19103 PA USA","Halah Food","Restaurants","Purchase","11.88","Tijo Varughese"
12/12/2023,12/13/2023,"CTC CAFE QPS1800 ARCH STREET PHILADELPHIA 19103 PA USA","CTC Cafe Qps","Restaurants","Purchase","15.93","Tijo Varughese"
12/12/2023,12/13/2023,"CTC COFFEE BAR CAFEQPS1800 ARCH STREET PHILADELPHIA 19103 PA USA","CTC Coffee Bar Cafeqps","Restaurants","Purchase","7.61","Tijo Varughese"
12/12/2023,12/13/2023,"HULU 877-8244858 CA 2500 BROADWAY SANTA MONICA 90404 CA USA","Hulu","Utilities","Purchase","8.47","Tijo Varughese"
12/12/2023,12/13/2023,"APPLE.COM/BILL ONE APPLE PARK WAY 866-712-7753 95014 CA USA","Apple Services","Other","Purchase","11.66","Tijo Varughese"
12/12/2023,12/13/2023,"APPLE.COM/BILL ONE APPLE PARK WAY 866-712-7753 95014 CA USA","Apple Services","Other","Purchase","9.99","Tijo Varughese"
12/11/2023,12/12/2023,"MCDONALD'S F1674 334 E. STREET ROAD FEASTERVILLE 19053 PA USA","McDonald's","Restaurants","Purchase","10.58","Tijo Varughese"
12/09/2023,12/12/2023,"DYSON DIRECT INC 1330 WEST FULTON STREET CHICAGO 60607 IL USA","Dyson Direct Inc","Other","Purchase","529.99","Tijo Varughese"
12/10/2023,12/11/2023,"POPEYES 13607 68 CULVER RD #150 MONMOUTH JUNC08852 NJ USA","Popeyes 13607","Restaurants","Purchase","48.50","Tijo Varughese"
12/10/2023,12/11/2023,"PHO PALACE 15501 BUSTLETON AVE PHILADELPHIA 19116 PA USA","Pho Palace","Restaurants","Purchase","65.99","Tijo Varughese"
12/09/2023,12/10/2023,"CVS/PHARMACY #02524 298 E STREET RD FSTRVL TRVOSE19053 PA USA","CVS Pharmacy","Other","Purchase","10.00","Tijo Varughese"
12/08/2023,12/10/2023,"CHICK-FIL-A #03463 45 W STREET ROAD WARMINSTER 18974 PA USA","Chick-fil-A","Restaurants","Purchase","27.64","Tijo Varughese"
12/08/2023,12/10/2023,"APPLE.COM/BILL ONE APPLE PARK WAY CUPERTINO 95014 CA USA","Apple Services","Other","Purchase","21.19","Tijo Varughese"
12/07/2023,12/09/2023,"BURGER KING #421 Q071035 BUSTLETON PIKE FEASTERVILLE 19053 PA USA","Burger King","Restaurants","Purchase","11.71","Tijo Varughese"
12/08/2023,12/09/2023,"DUNKIN #332059 554 2ND STREET PIKE SOUTHAMPTON 18966 PA USA","Dunkin'","Restaurants","Purchase","20.90","Tijo Varughese"
12/09/2023,12/09/2023,"OSAKA JAPANESE AND CHI504 2ND STREET PIKE SOUTHAMPTON 18966-3805PA USA","Osaka Japanese and Chi","Restaurants","Purchase","38.05","Tijo Varughese"
12/07/2023,12/09/2023,"APPLE.COM/BILL ONE APPLE PARK WAY 866-712-7753 95014 CA USA","Apple Services","Other","Purchase","14.09","Tijo Varughese"
12/07/2023,12/08/2023,"SEPTA CALL CENTER-CARD1234 MARKET ST PHILADELPHIA 19107 PA USA","Septa Call Center-Card","Transportation","Purchase","25.00","Tijo Varughese"
12/05/2023,12/08/2023,"APPLE.COM/BILL ONE APPLE PARK WAY 866-712-7753 95014 CA USA","Apple Services","Other","Purchase","14.09","Tijo Varughese"
12/06/2023,12/07/2023,"CTC CAFE QPS1800 ARCH STREET PHILADELPHIA 19103 PA USA","CTC Cafe Qps","Restaurants","Purchase","10.02","Tijo Varughese"
12/06/2023,12/07/2023,"CTC COFFEE BAR CAFEQPS1800 ARCH STREET PHILADELPHIA 19103 PA USA","CTC Coffee Bar Cafeqps","Restaurants","Purchase","2.97","Tijo Varughese"
12/07/2023,12/07/2023,"OPENAI 548 MARKET STREETPMB 97273 SAN FRANCISCO94104-5401CA USA","Openai","Other","Purchase","213.97","Tijo Varughese"
12/06/2023,12/07/2023,"KYOTO SUSHI 17 BUSTLETON PIKE FEASTERVILLE 19053 PA USA","Kyoto Sushi","Restaurants","Purchase","50.62","Tijo Varughese"
12/05/2023,12/07/2023,"OSAKA JAPANESE AND CHI504 2ND STREET PIKE SOUTHAMPTON 18966-3805PA USA","Osaka Japanese and Chi","Restaurants","Purchase","36.14","Tijo Varughese"
12/06/2023,12/07/2023,"CMSVEND*CV PHOENIXVILL200 THOMS DR PHOENIXVILLE 19460 PA USA","Vending Machine","Restaurants","Purchase","0.25","Tijo Varughese"
12/06/2023,12/07/2023,"CMSVEND*CV PHOENIXVILL200 THOMS DR PHOENIXVILLE 19460 PA USA","Vending Machine","Restaurants","Purchase","0.25","Tijo Varughese"
12/05/2023,12/06/2023,"MCDONALD'S F842 1663 OLD YORK RD ABINGTON 19001 PA USA","McDonald's","Restaurants","Purchase","7.80","Tijo Varughese"
12/04/2023,12/06/2023,"ABINGTON CAFETERIA 1200 OLD YORK RD ABINGTON 19001 PA USA","Abington Cafeteria","Restaurants","Purchase","3.05","Tijo Varughese"
12/04/2023,12/06/2023,"ABINGTON CAFETERIA 1200 OLD YORK RD ABINGTON 19001 PA USA","Abington Cafeteria","Restaurants","Purchase","23.61","Tijo Varughese"
12/04/2023,12/05/2023,"GOOGLE*DOMAINS G.CO/HELPPAY# G.CO/HELPPAY#94043 CA USA","Google","Other","Purchase","25.44","Tijo Varughese"
12/03/2023,12/05/2023,"DUNKIN' MOBILE AP 130 ROYALL STREET. CANTON 02021 MA USA","Dunkin' Mobile AP","Restaurants","Purchase","50.00","Tijo Varughese"
12/03/2023,12/05/2023,"VIA VENETO PIZZA 2688 DEKALB PIKE NORRISTOWN 19401 PA USA","Via Veneto Pizza","Restaurants","Purchase","55.38","Tijo Varughese"
12/03/2023,12/04/2023,"CVS/PHARMACY #02524 298 E STREET RD FSTRVL TRVOSE19053 PA USA","CVS Pharmacy","Other","Purchase","84.84","Tijo Varughese"
12/04/2023,12/04/2023,"AMH JEFF HEALTH 1200 OLD YORK RD ABINGTON 19001 PA USA","AMH Jeff Health","Medical","Purchase","200.00","Tijo Varughese"
12/03/2023,12/04/2023,"SHOPRITE WARMINSTER S1942 W ST RD WARMINSTER 18974 PA USA","ShopRite","Grocery","Purchase","134.62","Tijo Varughese"
12/04/2023,12/04/2023,"ALIEXPRESS 400 EL CAMINO SOUTH SAN MATEO 94402 CA USA","AliExpress","Shopping","Purchase","31.58","Tijo Varughese"
12/04/2023,12/04/2023,"ALIEXPRESS 400 EL CAMINO SOUTH SAN MATEO 94402 CA USA","AliExpress","Shopping","Purchase","51.48","Tijo Varughese"
12/04/2023,12/04/2023,"ALIEXPRESS 400 EL CAMINO SOUTH SAN MATEO 94402 CA USA","AliExpress","Other","Purchase","11.57","Tijo Varughese"
12/02/2023,12/04/2023,"MOCHIATSU 270 E STREET RD FEASTERVILLE 190530000 PA USA","Mochiatsu","Restaurants","Purchase","65.50","Tijo Varughese"
12/03/2023,12/03/2023,"ACH DEPOSIT INTERNET TRANSFER FROM ACCOUNT ENDING IN 4772","Ach Deposit Internet Transfer From Account Ending In 4772","Payment","Payment","-373.94","Tijo Varughese"
12/02/2023,12/03/2023,"CVS/PHARMACY #02524 298 E STREET RD FSTRVL TRVOSE19053 PA USA","CVS Pharmacy","Other","Purchase","2.53","Tijo Varughese"
12/02/2023,12/03/2023,"FANDANGO 12200 W. OLYMPIC BLVD., 8668575191 90210 CA USA","Fandango","Entertainment","Purchase","65.56","Tijo Varughese"
12/03/2023,12/03/2023,"SQ *MERMAID SPIRITS 2068 COUNTY LINE RD HUNTINGDON VA19006 PA USA","Mermaid Spirits","Other","Purchase","16.00","Tijo Varughese"
12/03/2023,12/03/2023,"WWW. 2068 COUNTY LINE ROAD HUNTINGDON VA19006 PA USA","www.","Entertainment","Purchase","19.00","Tijo Varughese"
12/02/2023,12/03/2023,"CHILI'S GRILL & BAR#182601 STREET ROAD BENSALEM 19020 PA USA","Chili's Grill & Bar","Restaurants","Purchase","0.64","Tijo Varughese"
12/02/2023,12/03/2023,"CHILI'S GRILL & BAR#182601 STREET ROAD BENSALEM 19020 PA USA","Chili's Grill & Bar","Restaurants","Purchase","102.98","Tijo Varughese"
12/01/2023,12/02/2023,"COMPASSION INTERNATION12290 VOYAGER PARKWAY COLORADO SPRI80921 CO USA","Compassion International","Other","Purchase","66.00","Tijo Varughese"
11/30/2023,12/02/2023,"CTC CAFE QPS1800 ARCH STREET PHILADELPHIA 19103 PA USA","CTC Cafe Qps","Restaurants","Purchase","17.77","Tijo Varughese"
11/30/2023,12/02/2023,"CTC COFFEE BAR CAFEQPS1800 ARCH STREET PHILADELPHIA 19103 PA USA","CTC Coffee Bar Cafeqps","Restaurants","Purchase","10.31","Tijo Varughese"
11/30/2023,12/02/2023,"SEPTA CALL CENTER-CARD1234 MARKET ST PHILADELPHIA 19107 PA USA","Septa Call Center-Card","Transportation","Purchase","25.00","Tijo Varughese"
12/01/2023,12/01/2023,"ACH DEPOSIT INTERNET TRANSFER FROM ACCOUNT ENDING IN 4772","Ach Deposit Internet Transfer From Account Ending In 4772","Payment","Payment","-4211.21","Tijo Varughese"