Transaction Date,Clearing Date,Description,Merchant,Category,Type,Amount (USD),Purchased By
07/29/2023,07/30/2023,"MOD PIZZA VILLAGE AT N2890 S EAGLE RD NEWTOWN 18940 PA USA","Mod Pizza Village At N","Restaurants","Purchase","40.19","Tijo Varughese"
07/29/2023,07/30/2023,"TST* NINA'S WAFFLES - 2905 S EAGLE RD NEWTOWN 18940 PA USA","Nina's Waffles","Restaurants","Purchase","13.50","Tijo Varughese"
07/29/2023,07/30/2023,"CARRABBAS 3901 3210 TILLMAN DR BENSALEM 19020 PA USA","Carrabba's Italian Grill","Restaurants","Purchase","129.09","Tijo Varughese"
07/29/2023,07/30/2023,"ALIEXPRESS 400 EL CAMINO SOUTH SAN MATEO 94402 CA USA","AliExpress","Shopping","Purchase","74.30","Tijo Varughese"
07/29/2023,07/30/2023,"ALIEXPRESS 400 EL CAMINO SOUTH SAN MATEO 94402 CA USA","AliExpress","Shopping","Purchase","8.81","Tijo Varughese"
07/28/2023,07/30/2023,"DUNKIN' MOBILE AP 130 ROYALL STREET. CANTON 02021 MA USA","Dunkin' Mobile AP","Restaurants","Purchase","50.00","Tijo Varughese"
07/27/2023,07/29/2023,"CHICK-FIL-A #01482 1700 RTE 228 PHILADELPHIA 19114 PA USA (DISPUTE CREDIT)","Chick-fil-a #01482 1700 Rte 228 Philadelphia 19114 Pa Usa (dispute Credit)","Credit","Credit","-61.37","Tijo Varughese"
07/27/2023,07/29/2023,"CHICK-FIL-A #01482 1700 RTE 228 PHILADELPHIA 19114 PA USA","Chick-fil-A","Restaurants","Purchase","61.37","Tijo Varughese"
07/28/2023,07/29/2023,"ALIEXPRESS 400 EL CAMINO SOUTH SAN MATEO 94402 CA USA","AliExpress","Shopping","Purchase","18.99","Tijo Varughese"
07/28/2023,07/29/2023,"STORE*CHICK-FIL-A 303 2ND STREETSUITE 800 SAN FRANCISCO94107 CA USA","Store*Chick-Fil-A","Restaurants","Purchase","34.96","Tijo Varughese"
07/28/2023,07/29/2023,"PETCO 886 6350886597 E STREET RD FEASTERVILLE 19053 PA USA","Petco","Other","Purchase","27.54","Tijo Varughese"
07/27/2023,07/29/2023,"SUNOCO 0314406000 QPS300 E ST RD FEASTERVILLE 19053 PA USA","Sunoco","Gas","Purchase","68.13","Tijo Varughese"
07/27/2023,07/28/2023,"PETSMART # 1479 2600 SOUTH EAGLE ROAD NEWTOWN 18940 PA USA","PetSmart","Other","Purchase","79.49","Tijo Varughese"
07/27/2023,07/28/2023,"MCDONALD'S F1674 334 E STREET ROAD FEASTERVILLE 19047 PA USA","McDonald's","Restaurants","Purchase","21.16","Tijo Varughese"
07/26/2023,07/27/2023,"CHIPOTLE ONLINE 610 NEWPORT CTR STE1300 CHIPOTLE.COM 92660 CA USA (DISPUTE CREDIT)","Chipotle Online 610 Newport Ctr Ste1300 Chipotle.com 92660 Ca Usa (dispute Credit)","Credit","Credit","-64.95","Tijo Varughese"
07/26/2023,07/27/2023,"DOMINO'S 4874 266 E STREET RD FSTRVL TRVOSE19053 PA USA (DISPUTE CREDIT)","Domino's 4874 266 E Street Rd Fstrvl Trvose19053 Pa Usa (dispute Credit)","Credit","Credit","-63.56","Tijo Varughese"
07/26/2023,07/27/2023,"CVS/PHARMACY #02524 298 E STREET RD FSTRVL TRVOSE19053 PA USA","CVS Pharmacy","Other","Purchase","50.63","Tijo Varughese"
07/26/2023,07/27/2023,"DOMINO'S 4874 266 E STREET RD FSTRVL TRVOSE19053 PA USA","Domino's Pizza","Restaurants","Purchase","63.56","Tijo Varughese"
07/27/2023,07/27/2023,"ACH DEPOSIT INTERNET TRANSFER FROM ACCOUNT ENDING IN 4772","Ach Deposit Internet Transfer From Account Ending In 4772","Payment","Payment","-1000.00","Tijo Varughese"
07/27/2023,07/27/2023,"ACH DEPOSIT INTERNET TRANSFER FROM ACCOUNT ENDING IN 4772","Ach Deposit Internet Transfer From Account Ending In 4772","Payment","Payment","-3599.96","Tijo Varughese"
07/26/2023,07/27/2023,"BIG SAMS PIZZA - TREVO1317 BRIDGETOWN PIKE TREVOSE 19053 PA USA","Big Sams Pizza - Trevo","Restaurants","Purchase","45.47","Tijo Varughese"
07/25/2023,07/27/2023,"PHILLY PRETZEL JFK B 1600 JFK BLVD PHILADELPHIA 19103 PA USA","Philly Pretzel Jfk B","Restaurants","Purchase","9.02","Tijo Varughese"
07/25/2023,07/26/2023,"CHIPOTLE ONLINE 610 NEWPORT CTR STE1300 CHIPOTLE.COM 92660 CA USA","Chipotle Mexican Grill","Restaurants","Purchase","64.95","Tijo Varughese"
07/25/2023,07/26/2023,"UBER TRIP 1455 MARKET ST 8005928996 94105 CA USA","Uber","Transportation","Purchase","61.22","Tijo Varughese"
07/24/2023,07/26/2023,"PHILLY PRETZEL JFK B 1600 JFK BLVD PHILADELPHIA 19103 PA USA","Philly Pretzel Jfk B","Restaurants","Purchase","13.52","Tijo Varughese"
07/25/2023,07/26/2023,"KYOTO SUSHI 17 BUSTLETON PIKE FEASTERVILLE 19053 PA USA","Kyoto Sushi","Restaurants","Purchase","37.15","Tijo Varughese"
07/25/2023,07/26/2023,"CHICK-FIL-A #03463 45 W STREET ROAD WARMINSTER 18974 PA USA","Chick-fil-A","Restaurants","Purchase","27.95","Tijo Varughese"
07/24/2023,07/25/2023,"WALGREENS #7590 2 E STREET RD FSTRVL TRVOSE19053 PA USA","Walgreens","Other","Purchase","83.94","Tijo Varughese"
07/24/2023,07/25/2023,"BJS WHOLESALE #0167 200 EASTON RD WARRINGTON 18976 PA USA","BJ's Wholesale Club","Other","Purchase","329.81","Tijo Varughese"
07/25/2023,07/25/2023,"DAILY CASH ADJUSTMENT","Daily Cash Adjustment","Debit","Debit","10.00","Tijo Varughese"
07/24/2023,07/25/2023,"ABB-CHARGE.COM 15431 WEST DIXIE HIGHWAYBAY#3 NORTH MIAMI B33162 FL USA (RETURN)","Abb-charge.com 15431 West Dixie Highwaybay#3 North Miami B33162 Fl Usa (return)","Credit","Credit","-1000.00","Tijo Varughese"
07/24/2023,07/25/2023,"UBER TRIP 1455 MARKET ST 8005928996 94105 CA USA","Uber","Transportation","Purchase","9.98","Tijo Varughese"
07/23/2023,07/25/2023,"SHAKE SHACK - 1268A 500 WEST GERMANTOWN PIKE 646-747-7178 19462 PA USA","Shake Shack","Restaurants","Purchase","46.45","Tijo Varughese"
07/23/2023,07/24/2023,"GIV*REVOLUTION C 2560 WEST CHESTER PIKE BROOMALL 19008 PA USA","Giv*Revolution C","Other","Purchase","1000.00","Tijo Varughese"
07/23/2023,07/24/2023,"RAPIDAPI 2 SHAW ALLEY SAN FRANCISCO94105 CA USA","Rapidapi","Other","Purchase","69.99","Tijo Varughese"
07/22/2023,07/23/2023,"POPEYES 13607 68 CULVER RD #150 MONMOUTH JUNC08852 NJ USA","Popeyes 13607","Restaurants","Purchase","58.22","Tijo Varughese"
07/23/2023,07/23/2023,"ACH DEPOSIT INTERNET TRANSFER FROM ACCOUNT ENDING IN 4772","Ach Deposit Internet Transfer From Account Ending In 4772","Payment","Payment","-1000.00","Tijo Varughese"
07/22/2023,07/23/2023,"DON MEZCAL MEXICAN RES551 E STREET RD FEASTERVILLE 19053 PA USA","Don Mezcal Mexican Res","Restaurants","Purchase","100.61","Tijo Varughese"
07/15/2023,07/21/2023,"EBUAHFI HOUSE MURAKAMI2-403 YACHIYOSHI 2760028 CHIJPN (DISPUTE CREDIT)","Ebuahfi House Murakami2-403 Yachiyoshi 2760028 Chijpn (dispute Credit)","Credit","Credit","-59.00","Tijo Varughese"
07/20/2023,07/21/2023,"ICHIRO RAMEN SUSHI. 727 SECOND STREET PIKE SOUTHAMPTON 18966 PA USA","Ichiro Ramen Sushi.","Restaurants","Purchase","51.83","Tijo Varughese"
07/19/2023,07/21/2023,"SUNOCO 0012328107 QPS190 W ST RD FEASTERVILLE 19053 PA USA","Sunoco","Gas","Purchase","60.37","Tijo Varughese"
07/18/2023,07/20/2023,"CHICK-FIL-A #04469 ROOSEVELT BLVD PHILADELPHIA 19116 PA USA","Chick-Fil-A","Restaurants","Purchase","14.76","Tijo Varughese"
07/19/2023,07/20/2023,"WALMART.COM 8009666546702 SW 8TH ST BENTONVILLE 72716 AR USA","Walmart","Other","Purchase","36.93","Tijo Varughese"
07/19/2023,07/20/2023,"GIANT 6541 176 W. STREET ROAD FEASTERVILLE 19053 PA USA","Giant 6541","Grocery","Purchase","18.38","Tijo Varughese"
07/19/2023,07/19/2023,"APPLE.COM/BILL ONE APPLE PARK WAY 866-712-7753 95014 CA USA","Apple Services","Other","Purchase","10.79","Tijo Varughese"
07/18/2023,07/19/2023,"RAPIDAPI 2 SHAW ALLEY SAN FRANCISCO94105 CA USA (RETURN)","Rapidapi 2 Shaw Alley San Francisco94105 Ca Usa (return)","Credit","Credit","-19.99","Tijo Varughese"
07/19/2023,07/19/2023,"DAILY CASH ADJUSTMENT","Daily Cash Adjustment","Debit","Debit","0.20","Tijo Varughese"
07/17/2023,07/19/2023,"BURGER KING #421 Q071035 BUSTLETON PIKE FEASTERVILLE 19053 PA USA","Burger King","Restaurants","Purchase","15.12","Tijo Varughese"
07/18/2023,07/19/2023,"CHICK-FIL-A #03463 45 W STREET ROAD WARMINSTER 18974 PA USA","Chick-fil-A","Restaurants","Purchase","8.42","Tijo Varughese"
07/18/2023,07/19/2023,"RAPIDAPI 2 SHAW ALLEY SAN FRANCISCO94105 CA USA","Rapidapi","Other","Purchase","40.46","Tijo Varughese"
07/31/2023,07/31/2023,"MONTHLY INSTALLMENTS (10 OF 24)","Monthly Installments (10 Of 24)","Installment","Installment","11.62","Tijo Varughese"
07/31/2023,07/31/2023,"MONTHLY INSTALLMENTS (11 OF 24)","Monthly Installments (11 Of 24)","Installment","Installment","22.04","Tijo Varughese"
07/31/2023,07/31/2023,"MONTHLY INSTALLMENTS (23 OF 24)","Monthly Installments (23 Of 24)","Installment","Installment","39.95","Tijo Varughese"
07/31/2023,07/31/2023,"MONTHLY INSTALLMENTS (11 OF 24)","Monthly Installments (11 Of 24)","Installment","Installment","3.29","Tijo Varughese"
07/31/2023,07/31/2023,"MONTHLY INSTALLMENTS (23 OF 24)","Monthly Installments (23 Of 24)","Installment","Installment","8.29","Tijo Varughese"
07/31/2023,07/31/2023,"MONTHLY INSTALLMENTS (11 OF 12)","Monthly Installments (11 Of 12)","Installment","Installment","4.91","Tijo Varughese"
07/31/2023,07/31/2023,"MONTHLY INSTALLMENTS (10 OF 24)","Monthly Installments (10 Of 24)","Installment","Installment","11.20","Tijo Varughese"
07/18/2023,07/18/2023,"OPENAI 548 MARKET STREETPMB 97273 SAN FRANCISCO94104-5401CA USA","Openai","Other","Purchase","306.94","Tijo Varughese"
07/17/2023,07/18/2023,"CHATGPT SUBSCRIPTION 548 MARKET STREETPMB 97273 SAN FRANCISCO94104-5401CA USA","Chatgpt Subscription","Other","Purchase","21.20","Tijo Varughese"
07/17/2023,07/18/2023,"AMERICAN HOME CONTRCTR11820 WEST MARKET PLACESTE. F FULTON 20759 MD USA","American Home Contrctr","Other","Purchase","125.00","Tijo Varughese"
07/16/2023,07/17/2023,"MANHATTAN BAGEL 4253 707 STREET RD SOUTHAMPTON 18966 PA USA","Manhattan Bagel 4253","Restaurants","Purchase","38.73","Tijo Varughese"
07/16/2023,07/17/2023,"SHOPRITE WARMINSTER S1942 W ST RD WARMINSTER 18974 PA USA","ShopRite","Grocery","Purchase","127.62","Tijo Varughese"
07/16/2023,07/17/2023,"CVS/PHARMACY #02524 298 E STREET RD FSTRVL TRVOSE19053 PA USA","CVS Pharmacy","Other","Purchase","18.49","Tijo Varughese"
07/16/2023,07/17/2023,"DELTA WARMINSTER 288 OLD YORK ROAD WARMINSTER 18974 PA USA","Delta Warminster","Gas","Purchase","43.31","Tijo Varughese"
07/15/2023,07/17/2023,"SAMARKAND RESTAURANT 1135 BUSTLETON PIKE FEASTERVILLE 19053 PA USA","Samarkand Restaurant","Restaurants","Purchase","42.40","Tijo Varughese"
07/15/2023,07/16/2023,"5GUYS 1146 ECOMM 125 E STREET RD FSTRVL TRVOSE19053 PA USA","5guys 1146 Ecomm","Restaurants","Purchase","42.18","Tijo Varughese"
07/15/2023,07/16/2023,"COMPASSION INTERNATION12290 VOYAGER PARKWAY COLORADO SPRI80921 CO USA","Compassion International","Other","Purchase","114.00","Tijo Varughese"
07/15/2023,07/16/2023,"GIUSEPPES PIZZA RESTAU1380 W STREET RD WARMINSTER 18974 PA USA","Giuseppes Pizza Restau","Restaurants","Purchase","92.13","Tijo Varughese"
07/15/2023,07/16/2023,"CVS CAREPASS 1 CVS DR 800-7467287 02895 RI USA","CVS","Other","Purchase","5.00","Tijo Varughese"
07/15/2023,07/16/2023,"EBUAHFI HOUSE MURAKAMI2-403 YACHIYOSHI 2760028 CHIJPN","Ebuahfi House","Other","Purchase","59.00","Tijo Varughese"
07/14/2023,07/15/2023,"PETCO 886 6350886597 E STREET RD FEASTERVILLE 19053 PA USA","Petco","Other","Purchase","105.02","Tijo Varughese"
07/15/2023,07/15/2023,"WEGMANS #036 1405 MAIN ST WARRINGTON 18976 PA USA","Wegmans","Grocery","Purchase","124.72","Tijo Varughese"
07/14/2023,07/15/2023,"GOOGLE*DOMAINS G.CO/HELPPAY# G.CO/HELPPAY#94043 CA USA","Google","Other","Purchase","6.36","Tijo Varughese"
07/13/2023,07/14/2023,"UBER EATS 1455 MARKET ST 8005928996 94103 CA USA","Uber Eats","Restaurants","Purchase","48.01","Tijo Varughese"
07/13/2023,07/14/2023,"UBER EATS 1455 MARKET ST 8005928996 94103 CA USA","Uber Eats","Restaurants","Purchase","5.00","Tijo Varughese"
07/12/2023,07/14/2023,"APPLE.COM/BILL ONE APPLE PARK WAY 866-712-7753 95014 CA USA","Apple Services","Other","Purchase","9.99","Tijo Varughese"
07/12/2023,07/13/2023,"CHIPOTLE ONLINE 610 NEWPORT CTR STE1300 CHIPOTLE.COM 92660 CA USA","Chipotle Mexican Grill","Restaurants","Purchase","15.64","Tijo Varughese"
07/11/2023,07/13/2023,"WENDY'S #3122 2100 RED LION RD PHILADELPHIA 19115 PA USA","Wendy's","Restaurants","Purchase","17.19","Tijo Varughese"
07/12/2023,07/13/2023,"HULU 877-8244858 CA 2500 BROADWAY SANTA MONICA 90404 CA USA","Hulu","Utilities","Purchase","8.47","Tijo Varughese"
07/11/2023,07/12/2023,"METRO DINER BENSALEM 3630 STREET RD BENSALEM 19020 PA USA","Metro Diner","Restaurants","Purchase","20.00","Tijo Varughese"
07/11/2023,07/12/2023,"ABB-CHARGE.COM 15431 WEST DIXIE HIGHWAYBAY#3 NORTH MIAMI B33162 FL USA","abb-charge.com","Other","Purchase","1000.00","Tijo Varughese"
07/09/2023,07/11/2023,"PF CHANGS #9839 510 GERMANTOWN PIKE PLYMOUTH MEET19462 PA USA","P. F. Chang's","Restaurants","Purchase","77.17","Tijo Varughese"
07/09/2023,07/10/2023,"GIANT 6541 176 W. STREET ROAD FEASTERVILLE 19053 PA USA","Giant 6541","Grocery","Purchase","35.12","Tijo Varughese"
07/08/2023,07/10/2023,"PLAZA AZTECA KENNETT S186 ONIX DR KENNETT SQUAR19348 PA USA","Plaza Azteca","Restaurants","Purchase","400.00","Tijo Varughese"
07/08/2023,07/09/2023,"LONGWOOD21054 901 CONSERVATORY ROA KENNETT SQUAR19348 PA USA","Longwood21054","Restaurants","Purchase","8.50","Tijo Varughese"
07/08/2023,07/09/2023,"LONGWOOD21054 901 CONSERVATORY ROA KENNETT SQUAR19348 PA USA","Longwood21054","Restaurants","Purchase","32.50","Tijo Varughese"
07/08/2023,07/09/2023,"WALGREENS #7590 2 E STREET RD FSTRVL TRVOSE19053 PA USA","Walgreens","Other","Purchase","49.72","Tijo Varughese"
07/07/2023,07/09/2023,"PEDIATRIC CARE GROUP 261 OLD YORK ROAD, SUITE 620 JENKINTOWN 19046 PA USA","Pediatric Care Group","Medical","Purchase","23.25","Tijo Varughese"
07/07/2023,07/08/2023,"TST* NINA'S WAFFLES - 2905 S EAGLE RD NEWTOWN 18940 PA USA","Nina's Waffles","Restaurants","Purchase","18.90","Tijo Varughese"
07/08/2023,07/08/2023,"POLYGON.IO DATA API 331 ELIZABETH ST NESUITE A ATLANTA 30307 GA USA","Polygon.io Data Api","Other","Purchase","29.00","Tijo Varughese"
07/07/2023,07/08/2023,"CAPITAL HEALTH SYSTEMS750 BRUNSWICK AVE TRENTON 08638-4143NJ USA","Capital Health Systems","Medical","Purchase","701.00","Tijo Varughese"
07/07/2023,07/08/2023,"CAPITAL HEALTH SYSTEMS750 BRUNSWICK AVE TRENTON 08638-4143NJ USA","Capital Health Systems","Medical","Purchase","701.00","Tijo Varughese"
07/05/2023,07/07/2023,"DUNKIN' MOBILE AP 130 ROYALL STREET. CANTON 02021 MA USA","Dunkin' Mobile AP","Restaurants","Purchase","50.00","Tijo Varughese"
07/05/2023,07/06/2023,"DI BRUNO BROS 1701 JOHN F KENNEDY BLVD PHILADELPHIA 19103 PA USA","Di Bruno Bros","Grocery","Purchase","3.55","Tijo Varughese"
07/06/2023,07/06/2023,"SEPTA CALL CENTER-CARD1234 MARKET ST PHILADELPHIA 19107 PA USA","Septa Call Center-Card","Transportation","Purchase","25.00","Tijo Varughese"
07/05/2023,07/06/2023,"WAWA 8136 STREET RD AND BUSTLETON LOWER SOUTHAM19053 PA USA","Wawa","Gas","Purchase","10.90","Tijo Varughese"
07/04/2023,07/05/2023,"GOOGLE*DOMAINS G.CO/HELPPAY# G.CO/HELPPAY#94043 CA USA","Google","Other","Purchase","25.44","Tijo Varughese"
07/04/2023,07/05/2023,"TONAL SYSTEMS, INC 617 BRYANT ST SAN FRANCISCO94107 CA USA","Tonal Systems, Inc","Other","Purchase","63.55","Tijo Varughese"
07/03/2023,07/05/2023,"NINJA JAPANESE RESTAUR14100 BUSLETON AVE PHILADELPHIA 19116 PA USA","Ninja Japanese Restaur","Restaurants","Purchase","85.59","Tijo Varughese"
07/03/2023,07/04/2023,"FIRESTONE283339 833 BUSTLETON PIKE FTRVLLTREVOSE19053 PA USA","Firestone283339","Other","Purchase","98.75","Tijo Varughese"
07/03/2023,07/04/2023,"MCDONALD'S F1674 334 E STREET ROAD FEASTERVILLE 19047 PA USA","McDonald's","Restaurants","Purchase","10.27","Tijo Varughese"
07/03/2023,07/04/2023,"UBER TRIP 1455 MARKET ST 8005928996 94105 CA USA","Uber","Transportation","Purchase","11.81","Tijo Varughese"
07/03/2023,07/04/2023,"GIANT 6541 176 W. STREET ROAD FEASTERVILLE 19053 PA USA","Giant 6541","Grocery","Purchase","19.42","Tijo Varughese"
07/03/2023,07/03/2023,"AHREFS 16 RAFFLES QUAY #33-03HONG LEONG BUILDING SINGAPORE 048581 SGP","Ahrefs","Other","Purchase","104.94","Tijo Varughese"
07/03/2023,07/03/2023,"TST* NINA'S WAFFLES - 2905 S EAGLE RD NEWTOWN 18940 PA USA","Nina's Waffles","Restaurants","Purchase","26.40","Tijo Varughese"
07/02/2023,07/03/2023,"GIANT 6541 176 W. STREET ROAD FEASTERVILLE 19053 PA USA","Giant 6541","Grocery","Purchase","241.62","Tijo Varughese"
07/02/2023,07/03/2023,"TR57ZFRDQ-4 AMZN AD 440 TERRY AVE N 866-216-1072 98109 WA USA","Amazon Media","Other","Purchase","76.68","Tijo Varughese"
07/02/2023,07/03/2023,"SQ *MANHATTAN BAGEL 217-341 HEIGHTS LANE FEASTERVILLE-19053 PA USA","Manhattan Bagel","Restaurants","Purchase","21.63","Tijo Varughese"
07/01/2023,07/03/2023,"PAPA JOHNS 5126 170 E STREET RD FSTRVL TRVOSE19053 PA USA","Papa John's","Restaurants","Purchase","30.98","Tijo Varughese"
07/01/2023,07/02/2023,"ELITE INDIAN KITCHEN 2163 GALLOWAY ROAD ANDALUSIA 19020 PA USA","Elite Indian Kitchen","Restaurants","Purchase","94.44","Tijo Varughese"
07/01/2023,07/02/2023,"GOOGLE*ADS2371403991 CC GOOGLE.COM CC GOOGLE.COM94043 CA USA","Google","Other","Purchase","38.35","Tijo Varughese"
07/01/2023,07/02/2023,"COMPASSION INTERNATION12290 VOYAGER PARKWAY COLORADO SPRI80921 CO USA","Compassion International","Other","Purchase","66.00","Tijo Varughese"
06/29/2023,07/02/2023,"WENDY'S 90503 813 E COUNTY LINE RD HATBORO 19040 PA USA","Wendy's","Restaurants","Purchase","26.43","Tijo Varughese"