Transaction Date,Clearing Date,Description,Merchant,Category,Type,Amount (USD),Purchased By
09/30/2023,09/30/2023,"TST* BERARDI BROS PIZZ772 SECOND STREET PIKE SOUTHAMPTON 18966 PA USA","Berardi Bros Pizz","Restaurants","Purchase","51.94","Tijo Varughese"
09/28/2023,09/29/2023,"GIV*REVOLUTION C 2560 WEST CHESTER PIKE BROOMALL 19008 PA USA","Giv*Revolution C","Other","Purchase","2000.00","Tijo Varughese"
09/28/2023,09/29/2023,"OSAKA JAPANESE AND CHI504 2ND STREET PIKE SOUTHAMPTON 18966-3805PA USA","Osaka Japanese and Chi","Restaurants","Purchase","53.32","Tijo Varughese"
09/28/2023,09/28/2023,"ACH DEPOSIT INTERNET TRANSFER FROM ACCOUNT ENDING IN 4772","Ach Deposit Internet Transfer From Account Ending In 4772","Payment","Payment","-1136.55","Tijo Varughese"
09/26/2023,09/28/2023,"BURGER KING #421 Q071035 BUSTLETON PIKE FEASTERVILLE 19053 PA USA","Burger King","Restaurants","Purchase","29.18","Tijo Varughese"
09/27/2023,09/28/2023,"CHATGPT SUBSCRIPTION 548 MARKET STREETPMB 97273 SAN FRANCISCO94104-5401CA USA","Chatgpt Subscription","Other","Purchase","21.20","Tijo Varughese"
09/26/2023,09/27/2023,"WALGREENS #7590 2 E STREET RD FSTRVL TRVOSE19053 PA USA","Walgreens","Other","Purchase","101.72","Tijo Varughese"
09/26/2023,09/27/2023,"WAWA 8136 929 BUSTLETON PK FEASTERVILLE 19053 PA USA","Wawa 8136","Gas","Purchase","63.21","Tijo Varughese"
09/27/2023,09/27/2023,"DAILY CASH ADJUSTMENT","Daily Cash Adjustment","Debit","Debit","0.64","Tijo Varughese"
09/27/2023,09/27/2023,"DAILY CASH ADJUSTMENT","Daily Cash Adjustment","Debit","Debit","0.65","Tijo Varughese"
09/25/2023,09/26/2023,"CTC COFFEE BAR CAFEQPS1800 ARCH STREET PHILADELPHIA 19103 PA USA","CTC Coffee Bar Cafeqps","Restaurants","Purchase","5.13","Tijo Varughese"
09/24/2023,09/26/2023,"PLAZA AZTECA PLYMOUTH 351 PLYMOUTH RD PLYMOUTH MEET19462 PA USA","Plaza Azteca","Restaurants","Purchase","57.00","Tijo Varughese"
09/24/2023,09/25/2023,"DUNKIN #352173 Q35 439 W GERMANTOWN PIKE PLYMOUTH MTNG19462 PA USA","Dunkin'","Restaurants","Purchase","5.08","Tijo Varughese"
09/24/2023,09/25/2023,"GOOGLE*DOMAINS G.CO/HELPPAY# G.CO/HELPPAY#94043 CA USA","Google","Other","Purchase","12.00","Tijo Varughese"
09/23/2023,09/25/2023,"MCDONALDS 1674 334 E STREET RD FEASTERVILLE 19047 PA USA","McDonald's","Restaurants","Purchase","25.72","Tijo Varughese"
09/23/2023,09/24/2023,"MOD PIZZA WARRINGTON 1528 N MAIN ST. UNIT 800 WARRINGTON 18976 PA USA","MOD Pizza","Restaurants","Purchase","40.06","Tijo Varughese"
09/23/2023,09/24/2023,"CLAIRE'S #3026 1544 MAIN ST WARRINGTON 18976 PA USA","Claires","Shopping","Purchase","15.88","Tijo Varughese"
09/24/2023,09/24/2023,"TJMAXX #0408 1035 MAIN ST WARRINGTON 18976 PA USA","Tjmaxx #0408","Other","Purchase","279.66","Tijo Varughese"
09/24/2023,09/24/2023,"TJMAXX #0408 1035 MAIN ST WARRINGTON 18976 PA USA","Tjmaxx #0408","Other","Purchase","24.98","Tijo Varughese"
09/23/2023,09/24/2023,"PANERA BREAD #203980 K1521 MAIN ST. WARRINGTON 18976 PA USA","Panera Bread","Restaurants","Purchase","6.96","Tijo Varughese"
09/23/2023,09/24/2023,"PANERA BREAD #203980 P1521 MAIN ST. WARRINGTON 18976 PA USA","Panera Bread","Restaurants","Purchase","6.75","Tijo Varughese"
09/24/2023,09/24/2023,"SHOPRITE WARMINSTER S1942 W ST RD WARMINSTER 18974 PA USA","ShopRite","Grocery","Purchase","255.80","Tijo Varughese"
09/22/2023,09/24/2023,"DUNKIN' MOBILE AP 130 ROYALL STREET. CANTON 02021 MA USA","Dunkin' Mobile AP","Restaurants","Purchase","50.00","Tijo Varughese"
09/23/2023,09/24/2023,"APPLE.COM/BILL ONE APPLE PARK WAY 866-712-7753 95014 CA USA","Apple Services","Other","Purchase","5.39","Tijo Varughese"
09/22/2023,09/23/2023,"BELLS MARKET 1055 BUSTLETON PIKE FEASTERVILLE 19053 PA USA","Bells Market","Grocery","Purchase","48.18","Tijo Varughese"
09/22/2023,09/23/2023,"BELLS MARKET 1055 BUSTLETON PIKE FEASTERVILLE 19053 PA USA","Bells Market","Grocery","Purchase","17.97","Tijo Varughese"
09/21/2023,09/23/2023,"BURGER KING #421 Q071035 BUSTLETON PIKE FEASTERVILLE 19053 PA USA","Burger King","Restaurants","Purchase","21.97","Tijo Varughese"
09/22/2023,09/23/2023,"BUSTLETON GAS 10960 BUSTLETON AVENUE PHILADELPHIA 19116 PA USA","Bustleton Gas","Gas","Purchase","41.42","Tijo Varughese"
09/23/2023,09/23/2023,"ACH DEPOSIT INTERNET TRANSFER FROM ACCOUNT ENDING IN 4772","Ach Deposit Internet Transfer From Account Ending In 4772","Payment","Payment","-216.57","Tijo Varughese"
09/21/2023,09/22/2023,"APPLE.COM/BILL ONE APPLE PARK WAY 866-712-7753 95014 CA USA","Apple Services","Other","Purchase","14.09","Tijo Varughese"
09/21/2023,09/22/2023,"CTC COFFEE BAR CAFEQPS1800 ARCH STREET PHILADELPHIA 19103 PA USA","CTC Coffee Bar Cafeqps","Restaurants","Purchase","4.64","Tijo Varughese"
09/21/2023,09/22/2023,"CTC CAFE QPS1800 ARCH STREET PHILADELPHIA 19103 PA USA","CTC Cafe Qps","Restaurants","Purchase","15.66","Tijo Varughese"
09/20/2023,09/22/2023,"OPC COL*SERVICE FEE 3550 ENGINEERING DR STE 400 NORCROSS 30092 GA USA","OPC Col*Service Fee","Other","Purchase","3.75","Tijo Varughese"
09/20/2023,09/22/2023,"OPC*EASTERN UNIV T&F 1300 EAGLE RD SAINT DAVIDS 19087 PA USA","Opc*Eastern Univ T&F","Other","Purchase","150.00","Tijo Varughese"
09/21/2023,09/22/2023,"SEPTA CALL CENTER-CARD1234 MARKET ST PHILADELPHIA 19107 PA USA","Septa Call Center-Card","Transportation","Purchase","25.00","Tijo Varughese"
09/21/2023,09/22/2023,"ALIEXPRESS 400 EL CAMINO SOUTH SAN MATEO 94402 CA USA","AliExpress","Shopping","Purchase","3.43","Tijo Varughese"
09/21/2023,09/21/2023,"ACH DEPOSIT INTERNET TRANSFER FROM ACCOUNT ENDING IN 4772","Ach Deposit Internet Transfer From Account Ending In 4772","Payment","Payment","-19.14","Tijo Varughese"
09/20/2023,09/21/2023,"CTC TOWN HALL CAFE QPS1800 ARCH STREET PHILADELPHIA 19103 PA USA","CTC Town Hall Cafe Qps","Restaurants","Purchase","5.40","Tijo Varughese"
09/20/2023,09/21/2023,"CTC COFFEE BAR CAFEQPS1800 ARCH STREET PHILADELPHIA 19103 PA USA","CTC Coffee Bar Cafeqps","Restaurants","Purchase","8.15","Tijo Varughese"
09/20/2023,09/21/2023,"CTC CAFE QPS1800 ARCH STREET PHILADELPHIA 19103 PA USA","CTC Cafe Qps","Restaurants","Purchase","1.62","Tijo Varughese"
09/19/2023,09/20/2023,"CTC COFFEE BAR CAFEQPS1800 ARCH STREET PHILADELPHIA 19103 PA USA","CTC Coffee Bar Cafeqps","Restaurants","Purchase","3.97","Tijo Varughese"
09/20/2023,09/20/2023,"ACH DEPOSIT INTERNET TRANSFER FROM ACCOUNT ENDING IN 4772","Ach Deposit Internet Transfer From Account Ending In 4772","Payment","Payment","-19.30","Tijo Varughese"
09/19/2023,09/20/2023,"CHICK-FIL-A #03463 45 W STREET ROAD WARMINSTER 18974 PA USA","Chick-fil-A","Restaurants","Purchase","19.30","Tijo Varughese"
09/19/2023,09/19/2023,"ACH DEPOSIT INTERNET TRANSFER FROM ACCOUNT ENDING IN 4772","Ach Deposit Internet Transfer From Account Ending In 4772","Payment","Payment","-22926.49","Tijo Varughese"
09/19/2023,09/19/2023,"SEPTA CALL CENTER-CARD1234 MARKET ST PHILADELPHIA 19107 PA USA","Septa Call Center-Card","Transportation","Purchase","25.00","Tijo Varughese"
09/17/2023,09/18/2023,"PAPA JOHNS 5126 170 E STREET RD FSTRVL TRVOSE19053 PA USA","Papa John's","Restaurants","Purchase","29.92","Tijo Varughese"
09/11/2023,09/18/2023,"TACO SUAVE 200 W STREET RD WARMINSTER 18974 PA USA","Taco Suave","Restaurants","Purchase","52.47","Tijo Varughese"
09/16/2023,09/18/2023,"BURGER KING #421 Q071035 BUSTLETON PIKE FEASTERVILLE 19053 PA USA","Burger King","Restaurants","Purchase","36.06","Tijo Varughese"
09/15/2023,09/18/2023,"APPLE.COM/US ONE APPLE PARK WAY 800-676-2775 95014 CA USA","Apple Store","Other","Purchase","1164.94","Tijo Varughese"
09/17/2023,09/18/2023,"CHATGPT SUBSCRIPTION 548 MARKET STREETPMB 97273 SAN FRANCISCO94104-5401CA USA","Chatgpt Subscription","Other","Purchase","21.20","Tijo Varughese"
09/30/2023,09/30/2023,"MONTHLY INSTALLMENTS (12 OF 24)","Monthly Installments (12 Of 24)","Installment","Installment","11.62","Tijo Varughese"
09/30/2023,09/30/2023,"MONTHLY INSTALLMENTS (13 OF 24)","Monthly Installments (13 Of 24)","Installment","Installment","22.04","Tijo Varughese"
09/30/2023,09/30/2023,"MONTHLY INSTALLMENTS (13 OF 24)","Monthly Installments (13 Of 24)","Installment","Installment","3.29","Tijo Varughese"
09/30/2023,09/30/2023,"MONTHLY INSTALLMENTS (12 OF 24)","Monthly Installments (12 Of 24)","Installment","Installment","11.20","Tijo Varughese"
09/15/2023,09/17/2023,"THE HOME DEPOT #6866 11711 BRUSTLETON AVE PHILADELPHIA 191160000 PA USA","Home Depot","Other","Purchase","23.71","Tijo Varughese"
09/16/2023,09/16/2023,"BERTUCCI'S - HUNTINGDO2190 COUNTY LINE ROAD, T HUNTINGDON VA19006 PA USA","Bertucci's","Restaurants","Purchase","59.24","Tijo Varughese"
09/15/2023,09/16/2023,"CVS/PHARMACY #00740 10901C BUSTLETON AVE PHILADELPHIA 19116 PA USA","CVS Pharmacy","Other","Purchase","24.78","Tijo Varughese"
09/15/2023,09/16/2023,"TARGET.COM * 7000 TARGET PARKWAY. 800-591-3869 55445 MN USA","Target","Other","Purchase","58.29","Tijo Varughese"
09/15/2023,09/16/2023,"CVS CAREPASS 1 CVS DR 800-7467287 02895 RI USA","CVS","Other","Purchase","5.00","Tijo Varughese"
09/15/2023,09/16/2023,"COMPASSION INTERNATION12290 VOYAGER PARKWAY COLORADO SPRI80921 CO USA","Compassion International","Other","Purchase","114.00","Tijo Varughese"
09/14/2023,09/15/2023,"GOOGLE*DOMAINS G.CO/HELPPAY# G.CO/HELPPAY#94043 CA USA","Google","Other","Purchase","6.36","Tijo Varughese"
09/13/2023,09/15/2023,"NINJA JAPANESE RESTAUR14100 BUSLETON AVE PHILADELPHIA 19116 PA USA","Ninja Japanese Restaur","Restaurants","Purchase","48.38","Tijo Varughese"
09/10/2023,09/15/2023,"AMERICAN 4000 E SKY HARBOR BL SEATTLE 85034-3802WA USA","American Airlines","Airlines","Purchase","723.65","Tijo Varughese"
09/10/2023,09/15/2023,"AMERICAN 4000 E SKY HARBOR BL SEATTLE 85034-3802WA USA","American Airlines","Airlines","Purchase","723.65","Tijo Varughese"
09/10/2023,09/15/2023,"AMERICAN 4000 E SKY HARBOR BL SEATTLE 85034-3802WA USA","American Airlines","Airlines","Purchase","723.65","Tijo Varughese"
09/10/2023,09/15/2023,"AMERICAN 4000 E SKY HARBOR BL SEATTLE 85034-3802WA USA","American Airlines","Airlines","Purchase","723.65","Tijo Varughese"
09/10/2023,09/15/2023,"AMERICAN 4000 E SKY HARBOR BL SEATTLE 85034-3802WA USA","American Airlines","Airlines","Purchase","723.65","Tijo Varughese"
09/10/2023,09/15/2023,"AMERICAN 4000 E SKY HARBOR BL SEATTLE 85034-3802WA USA","American Airlines","Airlines","Purchase","723.65","Tijo Varughese"
09/13/2023,09/14/2023,"CTC CAFE QPS1800 ARCH STREET PHILADELPHIA 19103 PA USA","CTC Cafe Qps","Restaurants","Purchase","12.42","Tijo Varughese"
09/13/2023,09/14/2023,"UBER TRIP 1455 MARKET ST 8005928996 94105 CA USA","Uber","Transportation","Purchase","31.05","Tijo Varughese"
09/13/2023,09/13/2023,"OPENAI 548 MARKET STREETPMB 97273 SAN FRANCISCO94104-5401CA USA","Openai","Other","Purchase","352.56","Tijo Varughese"
09/12/2023,09/13/2023,"CTC CAFE QPS1800 ARCH STREET PHILADELPHIA 19103 PA USA","CTC Cafe Qps","Restaurants","Purchase","9.18","Tijo Varughese"
09/12/2023,09/13/2023,"CTC COFFEE BAR CAFEQPS1800 ARCH STREET PHILADELPHIA 19103 PA USA","CTC Coffee Bar Cafeqps","Restaurants","Purchase","11.61","Tijo Varughese"
09/12/2023,09/13/2023,"SEPTA CALL CENTER-CARD1234 MARKET ST PHILADELPHIA 19107 PA USA","Septa Call Center-Card","Transportation","Purchase","25.00","Tijo Varughese"
09/12/2023,09/13/2023,"TESLA_US_SERVICE 3500 DEER CREEK 8777983752 94304 CA USA","Tesla_us_service","Other","Purchase","43.46","Tijo Varughese"
09/12/2023,09/13/2023,"APPLE.COM/BILL ONE APPLE PARK WAY 866-712-7753 95014 CA USA","Apple Services","Other","Purchase","9.99","Tijo Varughese"
09/12/2023,09/13/2023,"HULU 877-8244858 CA 2500 BROADWAY SANTA MONICA 90404 CA USA","Hulu","Utilities","Purchase","8.47","Tijo Varughese"
09/11/2023,09/12/2023,"CTC COFFEE BAR CAFEQPS1800 ARCH STREET PHILADELPHIA 19103 PA USA","CTC Coffee Bar Cafeqps","Restaurants","Purchase","5.13","Tijo Varughese"
09/11/2023,09/12/2023,"CTC CAFE QPS1800 ARCH STREET PHILADELPHIA 19103 PA USA","CTC Cafe Qps","Restaurants","Purchase","3.24","Tijo Varughese"
09/11/2023,09/12/2023,"CTC CAFE QPS1800 ARCH STREET PHILADELPHIA 19103 PA USA","CTC Cafe Qps","Restaurants","Purchase","8.64","Tijo Varughese"
09/08/2023,09/11/2023,"YUM YUM BAKE SHOP WARM500 WEST STREET RD. WARMINSTER 18974 PA USA","Yum Yum Bake Shop","Restaurants","Purchase","18.75","Tijo Varughese"
09/10/2023,09/11/2023,"EXPEDIA ****************** EXPEDIA GROUP WAY W EXPEDIA.COM ***** WA USA","Expedia","Other","Purchase","91.00","Tijo Varughese"
09/10/2023,09/11/2023,"EXPEDIA ****************** EXPEDIA GROUP WAY W EXPEDIA.COM ***** WA USA","Expedia","Other","Purchase","3869.54","Tijo Varughese"
09/10/2023,09/11/2023,"YASHODA'S INDIAN KITCH2088 STREET RD BENSALEM 19020 PA USA","Yashoda's Indian Kitch","Restaurants","Purchase","54.43","Tijo Varughese"
09/10/2023,09/11/2023,"SQ *MANHATTAN BAGEL 217-341 HEIGHTS LANE FEASTERVILLE-19053 PA USA","Manhattan Bagel","Restaurants","Purchase","27.45","Tijo Varughese"
09/09/2023,09/10/2023,"MCDONALD'S F1674 334 E STREET ROAD FEASTERVILLE 19047 PA USA","McDonald's","Restaurants","Purchase","21.70","Tijo Varughese"
09/09/2023,09/10/2023,"PANERA BREAD #203957 P152 E. STREET RD. FEASTERVILLE 19053 PA USA","Panera Bread","Restaurants","Purchase","6.56","Tijo Varughese"
09/09/2023,09/10/2023,"CP PENNDOT HUNTINGDON 2022 COUNTY LINE ROAD HUNTINGDON VA19006 PA USA","CP Penndot Huntingdon","Govt-services-parking","Purchase","5.00","Tijo Varughese"
09/09/2023,09/09/2023,"DAILY CASH ADJUSTMENT","Daily Cash Adjustment","Debit","Debit","1.18","Tijo Varughese"
09/09/2023,09/09/2023,"TEXAS ROADHOUSE #2234 1545 STREET ROAD BENSALEM 19020 PA USA","Texas Roadhouse","Restaurants","Purchase","89.48","Tijo Varughese"
09/08/2023,09/09/2023,"SQ *MR. WISH 520 2ND STREET PIKE SOUTHAMPTON 18966 PA USA","MR Wish","Restaurants","Purchase","11.66","Tijo Varughese"
09/08/2023,09/09/2023,"THE UPS STORE 4908 352 2 STREET PIKE SOUTHAMPTON 18966 PA USA","The UPS Store","Other","Purchase","4.76","Tijo Varughese"
09/08/2023,09/08/2023,"POLYGON.IO DATA API 331 ELIZABETH ST NESUITE A ATLANTA 30307 GA USA","Polygon.io Data Api","Other","Purchase","29.00","Tijo Varughese"
09/07/2023,09/08/2023,"CTC CAFE QPS1800 ARCH STREET PHILADELPHIA 19103 PA USA","CTC Cafe Qps","Restaurants","Purchase","15.93","Tijo Varughese"
09/06/2023,09/08/2023,"RITAS #291 QPS1401 BRIDGETOWN PIKE FEASTERVILLE 19053 PA USA","Rita's Italian Ice","Restaurants","Purchase","10.89","Tijo Varughese"
09/06/2023,09/08/2023,"ALTITUDE TRAMPOLINE FE1045 BUSTLETON PIKE STE 1 FEASTERVILLE 19053 PA USA","Altitude Trampoline Parks","Other","Purchase","6.75","Tijo Varughese"
09/06/2023,09/08/2023,"ALTITUDE TRAMPOLINE FE1045 BUSTLETON PIKE STE 1 FEASTERVILLE 19053 PA USA","Altitude Trampoline Parks","Other","Purchase","34.54","Tijo Varughese"
09/08/2023,09/08/2023,"SEPTA CALL CENTER-CARD1234 MARKET ST PHILADELPHIA 19107 PA USA","Septa Call Center-Card","Transportation","Purchase","25.00","Tijo Varughese"
09/06/2023,09/08/2023,"DON MEZCAL MEXICAN RES551 E STREET RD FEASTERVILLE 19053 PA USA","Don Mezcal Mexican Res","Restaurants","Purchase","95.00","Tijo Varughese"
09/06/2023,09/07/2023,"CVS/PHARMACY #02524 298 E STREET RD FSTRVL TRVOSE19053 PA USA","CVS Pharmacy","Other","Purchase","39.53","Tijo Varughese"
09/06/2023,09/07/2023,"TST* PHILLY PRETZEL FA555 SECOND STREET PIKE SOUTHAMPTON 18966 PA USA","Philly Pretzel Factory","Restaurants","Purchase","18.03","Tijo Varughese"
09/06/2023,09/07/2023,"AMZN MKTP US*TL9WA88I1440 TERRY AVE N AMZN.COM/BILL98109 WA USA","Amazon Marketplace","Other","Purchase","14.06","Tijo Varughese"
09/06/2023,09/07/2023,"GIANT 6541 176 W. STREET ROAD FEASTERVILLE 19053 PA USA","Giant 6541","Grocery","Purchase","97.64","Tijo Varughese"
09/05/2023,09/06/2023,"APPLE.COM/BILL ONE APPLE PARK WAY 866-712-7753 95014 CA USA","Apple Services","Other","Purchase","5.39","Tijo Varughese"
09/04/2023,09/06/2023,"GOOGLE*DOMAINS G.CO/HELPPAY# G.CO/HELPPAY#94043 CA USA","Google","Other","Purchase","25.44","Tijo Varughese"
09/05/2023,09/06/2023,"PARCHMENT-UNIV DOCS 6263 N. SCOTTSDALE RD. #330 480-719-1646 85250 AZ USA","Parchment","Other","Purchase","10.00","Tijo Varughese"
09/05/2023,09/06/2023,"OSAKA JAPANESE AND CHI504 2ND STREET PIKE SOUTHAMPTON 18966-3805PA USA","Osaka Japanese and Chi","Restaurants","Purchase","45.37","Tijo Varughese"
09/04/2023,09/05/2023,"BJS WHOLESALE #0052 10 COMMERCE BLVD FAIRLESS HILL19030 PA USA","BJ's Wholesale Club","Other","Purchase","333.59","Tijo Varughese"
09/04/2023,09/05/2023,"TONAL SYSTEMS, INC 617 BRYANT ST SAN FRANCISCO94107 CA USA","Tonal Systems, Inc","Other","Purchase","63.55","Tijo Varughese"
09/03/2023,09/04/2023,"MCDONALD'S F1674 334 E STREET ROAD FEASTERVILLE 19047 PA USA","McDonald's","Restaurants","Purchase","42.65","Tijo Varughese"
09/03/2023,09/04/2023,"DAN DAN 214 SUGARTOWN RD WAYNE 19087 PA USA","Dan Dan","Restaurants","Purchase","87.98","Tijo Varughese"
09/03/2023,09/04/2023,"MACYS KING OF PRUSSIA680 WEST DEKALB PIKE KING OF PRUSS19406 PA USA","Macy's","Shopping","Purchase","56.60","Tijo Varughese"
09/03/2023,09/04/2023,"THE SUGAREE ICE CREAM 134 NORTH WAYNE AVENUE WAYNE 19087 PA USA","The Sugaree Ice Cream","Restaurants","Purchase","1.64","Tijo Varughese"
09/03/2023,09/04/2023,"THE SUGAREE ICE CREAM 134 NORTH WAYNE AVENUE WAYNE 19087 PA USA","The Sugaree Ice Cream","Restaurants","Purchase","43.53","Tijo Varughese"
09/03/2023,09/04/2023,"EL BARRIO CANTINA 1470 BUCK RD SOUTHAMPTON 18966 PA USA","El Barrio Cantina & Tequila Bar","Restaurants","Purchase","52.72","Tijo Varughese"
09/02/2023,09/04/2023,"SHAKE SHACK - 1268 500 W GERMANTOWN PIKE 730 PLYMOUTH MEET19462 PA USA","Shake Shack - 1268","Restaurants","Purchase","23.40","Tijo Varughese"
09/02/2023,09/03/2023,"TST* NINAS WAFFLES - N2905 S EAGLE RD NEWTOWN 18940 PA USA","Ninas Waffles","Restaurants","Purchase","24.91","Tijo Varughese"
09/02/2023,09/03/2023,"WHOLEFDS PLM 10249 500 W GERMANTOWN PK PLYMOUTH MEET19462 PA USA","Whole Foods Market","Grocery","Purchase","2.96","Tijo Varughese"
09/02/2023,09/03/2023,"WHOLEFDS PLM 10249 500 W GERMANTOWN PK PLYMOUTH MEET19462 PA USA","Whole Foods Market","Grocery","Purchase","5.83","Tijo Varughese"
09/01/2023,09/03/2023,"DUNKIN' MOBILE AP 130 ROYALL STREET. CANTON 02021 MA USA","Dunkin' Mobile AP","Restaurants","Purchase","50.00","Tijo Varughese"
09/02/2023,09/03/2023,"TR57ZFRDQ-6 AMZN AD 440 TERRY AVE N 866-216-1072 98109 WA USA","Amazon Media","Other","Purchase","54.17","Tijo Varughese"
09/02/2023,09/03/2023,"TST* HAN DYNASTY - CHE404 NJ-70 CHERRY HILL 08034 NJ USA","Han Dynasty","Restaurants","Purchase","95.91","Tijo Varughese"
09/01/2023,09/02/2023,"GOOGLE*DOMAINS G.CO/HELPPAY# G.CO/HELPPAY#94043 CA USA","Google","Other","Purchase","12.00","Tijo Varughese"
09/01/2023,09/02/2023,"COMPASSION INTERNATION12290 VOYAGER PARKWAY COLORADO SPRI80921 CO USA","Compassion International","Other","Purchase","66.00","Tijo Varughese"
08/31/2023,09/02/2023,"THE HOME DEPOT #6866 11711 BRUSTLETON AVE PHILADELPHIA 191160000 PA USA","Home Depot","Other","Purchase","48.23","Tijo Varughese"
08/31/2023,09/02/2023,"PETCO 886 6350886597 E STREET RD FEASTERVILLE 19053 PA USA","Petco","Other","Purchase","85.25","Tijo Varughese"